video_id,video_name,camera_name,window_start_sec,window_end_sec,representative_frame_id,representative_frame_name,representative_frame_path,max_confidence,avg_confidence,object_count,fire_smoke_ratio,bbox_area_ratio,detection_density_5s,detection_density_10s,avg_confidence_5s,consecutive_fire_ratio,bbox_area_growth,brightness,blur_score,motion_level,transmission_decision
1,cam01_car_fire.mp4,cam01,0,5,146,cam01_frame_146.jpg,video_pipeline/output/saved_frames/cam01_frame_146.jpg,0.957943,0.5040238553211889,4.711409395973154,0.7008547008547008,0.7282234004318576,4.68,2.34,0.5040238553211889,0.9933333333333332,0.1172372240117181,118.25046375838926,309.1475436241611,15.139261879194631,SEND_FULL
1,cam01_car_fire.mp4,cam01,1,6,146,cam01_frame_146.jpg,video_pipeline/output/saved_frames/cam01_frame_146.jpg,0.957943,0.5264087398809523,4.3133333333333335,0.6939721792890263,0.7026884390863716,4.3133333333333335,2.55,0.5264087398809523,1.0,-0.4332848912410316,119.29466666666664,309.77675333333326,14.172786266666668,SEND_FULL
1,cam01_car_fire.mp4,cam01,2,7,202,cam01_frame_202.jpg,video_pipeline/output/saved_frames/cam01_frame_202.jpg,0.975177,0.5430216346746032,4.306666666666667,0.7739938080495357,0.7026884390863716,4.306666666666667,3.083333333333333,0.5430216346746032,1.0,0.1305690911484926,121.70868666666668,327.49914666666666,16.139979333333333,SEND_FULL
1,cam01_car_fire.mp4,cam01,3,8,202,cam01_frame_202.jpg,video_pipeline/output/saved_frames/cam01_frame_202.jpg,0.975177,0.5434543954665706,4.793333333333333,0.799721835883171,0.7840260652994792,4.793333333333333,3.81,0.5434543954665706,1.0,0.323904555803799,121.04301999999998,359.17137999999994,17.321969866666667,SEND_FULL
1,cam01_car_fire.mp4,cam01,4,9,202,cam01_frame_202.jpg,video_pipeline/output/saved_frames/cam01_frame_202.jpg,0.975177,0.5645470297284753,5.666666666666667,0.8411764705882353,0.7840260652994792,5.666666666666667,4.63,0.5645470297284753,1.0,1.0397674874463514,119.74268,393.6482133333333,17.4458702,SEND_FULL
2,cam02_fire_test.mp4,cam02,0,5,318,cam02_frame_24.jpg,video_pipeline/output/saved_frames/cam02_frame_24.jpg,0.822793,0.4454967296207521,5.23489932885906,0.4615384615384615,0.2524985681152344,5.2,2.6,0.4454967296207521,0.9933333333333332,0.0045324465016634,117.58081879194631,713.1713288590605,4.187176778523489,SEND_METADATA
2,cam02_fire_test.mp4,cam02,1,6,324,cam02_frame_30.jpg,video_pipeline/output/saved_frames/cam02_frame_30.jpg,0.755326,0.4421537246507936,5.226666666666667,0.4732142857142857,0.2573238822569444,5.226666666666667,3.236666666666667,0.4421537246507936,1.0,0.0638500223654183,117.31597999999998,681.33346,3.1330132,SEND_METADATA
2,cam02_fire_test.mp4,cam02,2,7,476,cam02_frame_182.jpg,video_pipeline/output/saved_frames/cam02_frame_182.jpg,0.802716,0.4360601983809524,5.033333333333333,0.528476821192053,0.2614025070746528,5.033333333333333,3.78,0.4360601983809524,1.0,0.2533002688252492,116.64334666666667,693.82772,2.9834660666666664,SEND_METADATA
2,cam02_fire_test.mp4,cam02,3,8,476,cam02_frame_182.jpg,video_pipeline/output/saved_frames/cam02_frame_182.jpg,0.802716,0.420167170531746,5.36,0.4987562189054726,0.2670518670909289,5.36,4.37,0.420167170531746,1.0,0.1532571434818632,115.36187333333332,687.9206933333334,3.0141017333333338,SEND_METADATA
2,cam02_fire_test.mp4,cam02,4,9,476,cam02_frame_182.jpg,video_pipeline/output/saved_frames/cam02_frame_182.jpg,0.802716,0.4126725038571429,5.573333333333333,0.492822966507177,0.2670518670909289,5.573333333333333,4.913333333333333,0.4126725038571429,1.0,-0.0370965809153126,114.40984666666668,670.2735333333334,3.2249414666666665,SEND_METADATA
2,cam02_fire_test.mp4,cam02,5,10,476,cam02_frame_182.jpg,video_pipeline/output/saved_frames/cam02_frame_182.jpg,0.802716,0.4144307540952381,5.6066666666666665,0.4863258026159334,0.2670518670909289,5.6066666666666665,5.403333333333333,0.4144307540952381,1.0,1.154157194508567,113.77710666666664,661.0141666666667,3.5286872,SEND_METADATA
3,cam03_smoke.mp4,cam03,0,5,652,cam03_frame_46.jpg,video_pipeline/output/saved_frames/cam03_frame_46.jpg,0.607523,0.3599573174496644,2.577181208053691,1.0,0.7067230310719166,2.5625625625625625,1.2812812812812813,0.3599573174496644,0.9943276609943276,-0.0051607818630825,120.23427516778524,905.2581946308726,8.04708644295302,DROP
3,cam03_smoke.mp4,cam03,1,6,652,cam03_frame_46.jpg,video_pipeline/output/saved_frames/cam03_frame_46.jpg,0.607523,0.3519210836689038,2.684563758389262,1.0,0.7067230310719166,2.669336002669336,1.5815815815815817,0.3519210836689038,0.9943276609943276,-0.076465843655776,121.74344295302014,936.026120805369,9.463092013422818,DROP
3,cam03_smoke.mp4,cam03,2,7,671,cam03_frame_65.jpg,video_pipeline/output/saved_frames/cam03_frame_65.jpg,0.529478,0.3500288800894854,2.577181208053691,1.0,0.7067230310719166,2.5625625625625625,1.7217217217217218,0.3500288800894854,0.9943276609943276,-0.1249877448948906,122.34740939597316,958.6014228187915,9.294577785234898,DROP
3,cam03_smoke.mp4,cam03,3,8,843,cam03_frame_238.jpg,video_pipeline/output/saved_frames/cam03_frame_238.jpg,0.533517,0.35082942147651,2.355704697986577,1.0,0.6938984498438721,2.3423423423423424,1.9552886219552887,0.35082942147651,0.9943276609943276,-0.1928301184220876,123.23873825503355,996.1832080536914,9.861440268456375,DROP
3,cam03_smoke.mp4,cam03,4,9,868,cam03_frame_263.jpg,video_pipeline/output/saved_frames/cam03_frame_263.jpg,0.557175,0.3659043937360179,2.046979865771812,1.0,0.58531012456089,2.035368702035369,2.158825492158825,0.3659043937360179,0.9943276609943276,0.1558694875924986,124.29775838926176,1023.8465167785234,10.368307046979869,DROP
3,cam03_smoke.mp4,cam03,5,10,868,cam03_frame_263.jpg,video_pipeline/output/saved_frames/cam03_frame_263.jpg,0.557175,0.3750070167785235,2.302013422818792,1.0,0.6183450854069086,2.2889556222889555,2.4257590924257597,0.3750070167785235,0.9943276609943276,0.0420487679713927,123.03324161073826,1097.7386845637584,11.3976788590604,DROP
3,cam03_smoke.mp4,cam03,6,11,868,cam03_frame_263.jpg,video_pipeline/output/saved_frames/cam03_frame_263.jpg,0.557175,0.3855926977777777,1.9666666666666663,1.0,0.6342577299326697,1.9686353019686356,2.3189856523189856,0.3855926977777777,1.001001001001001,0.1759294747851634,119.92868,1012.3577866666664,10.474444573333331,DROP
3,cam03_smoke.mp4,cam03,7,12,868,cam03_frame_263.jpg,video_pipeline/output/saved_frames/cam03_frame_263.jpg,0.557175,0.3805686977777778,1.9933333333333332,1.0,0.6394175993462138,1.9953286619953288,2.278945612278945,0.3805686977777778,1.001001001001001,-0.0090284382535458,117.59392666666666,896.4962600000001,10.187132506666666,DROP
3,cam03_smoke.mp4,cam03,8,13,868,cam03_frame_263.jpg,video_pipeline/output/saved_frames/cam03_frame_263.jpg,0.557175,0.3794634388888889,1.98,1.0,0.6394175993462138,1.9819819819819824,2.1621621621621623,0.3794634388888889,1.001001001001001,0.0358070320388935,117.57804,872.7354533333333,9.987412573333332,DROP
3,cam03_smoke.mp4,cam03,9,14,993,cam03_frame_388.jpg,video_pipeline/output/saved_frames/cam03_frame_388.jpg,0.50417,0.3640543911111111,1.96,1.0,0.6746334357874707,1.961961961961962,1.9986653319986651,0.3640543911111111,1.001001001001001,-0.1311941034777181,118.54071333333331,880.8953200000001,10.75151064,DROP
4,cam04_wildfire.mp4,cam04,0,5,1058,cam04_frame_6.jpg,video_pipeline/output/saved_frames/cam04_frame_6.jpg,0.715793,0.4041567471576227,2.891472868217054,0.9785522788203752,0.8305746092664931,2.489155822489156,1.244577911244578,0.4041567471576227,0.8408408408408409,-0.989998637240526,107.63177286821706,280.6986434108527,7.35734341627907,SEND_METADATA
4,cam04_wildfire.mp4,cam04,1,6,1102,cam04_frame_50.jpg,video_pipeline/output/saved_frames/cam04_frame_50.jpg,0.644162,0.3817448589869281,2.343137254901961,0.9581589958158996,0.8305746092664931,1.5949282615949285,1.2512512512512513,0.3817448589869281,0.647313980647314,-0.9892224179760712,106.50489803921567,255.59186274509807,7.388078634313724,DROP
4,cam04_wildfire.mp4,cam04,2,7,1117,cam04_frame_65.jpg,video_pipeline/output/saved_frames/cam04_frame_65.jpg,0.627291,0.3671706747685185,1.7638888888888888,0.952755905511811,0.6535254441796875,0.8475141808475142,1.2512512512512513,0.3671706747685185,0.4471137804471138,-0.9854889132892664,105.6945361111111,225.1107638888889,7.144428718055555,DROP
4,cam04_wildfire.mp4,cam04,3,8,1149,cam04_frame_97.jpg,video_pipeline/output/saved_frames/cam04_frame_97.jpg,0.497315,0.3409476785714285,1.3095238095238095,0.9090909090909092,0.5895051029188367,0.3670337003670337,1.2512512512512513,0.3409476785714285,0.2469135802469136,-0.985047234233664,102.59794285714288,202.82892857142863,7.22565635,DROP
4,cam04_wildfire.mp4,cam04,4,9,1181,cam04_frame_149.jpg,video_pipeline/output/saved_frames/cam04_frame_149.jpg,0.371649,0.2835770833333333,1.0,0.5833333333333334,0.5501569016948785,0.08008008008008,1.2512512512512513,0.2835770833333333,0.0467133800467133,-0.9829826028943416,95.14421666666664,176.50658333333334,8.25143645,DROP
4,cam04_wildfire.mp4,cam04,5,10,1184,cam04_frame_275.jpg,video_pipeline/output/saved_frames/cam04_frame_275.jpg,0.820459,0.4730424660544092,19.703703703703702,0.3383458646616541,0.7210290157552084,3.550216883550217,3.0196863530196865,0.4730424660544092,0.1668335001668335,3.0,100.65521851851852,456.6404814814815,6.14299962962963,SEND_METADATA
4,cam04_wildfire.mp4,cam04,6,11,1238,cam04_frame_329.jpg,video_pipeline/output/saved_frames/cam04_frame_329.jpg,0.860641,0.4979182002346184,22.272727272727277,0.3893877551020408,0.7210290157552084,8.174841508174842,4.884884884884885,0.4979182002346184,0.3670337003670337,0.3250851610096801,101.82750909090907,525.7676727272727,5.4131692727272736,SEND_METADATA
4,cam04_wildfire.mp4,cam04,7,12,1249,cam04_frame_340.jpg,video_pipeline/output/saved_frames/cam04_frame_340.jpg,0.909568,0.5179670420191645,22.27058823529412,0.4094030639197041,0.7210290157552084,12.632632632632632,6.740073406740073,0.5179670420191645,0.5672339005672339,0.3225855526922202,102.32124705882352,536.8538941176471,5.156067117647059,SEND_METADATA
4,cam04_wildfire.mp4,cam04,8,13,1249,cam04_frame_340.jpg,video_pipeline/output/saved_frames/cam04_frame_340.jpg,0.909568,0.5135480087355233,22.51304347826087,0.4086519891850135,0.7210290157552084,17.27727727727728,8.822155488822156,0.5135480087355233,0.7674341007674341,0.2271562017493832,102.72541739130436,530.9531565217391,4.990403086956522,SEND_METADATA
4,cam04_wildfire.mp4,cam04,9,14,1249,cam04_frame_340.jpg,video_pipeline/output/saved_frames/cam04_frame_340.jpg,0.909568,0.5125332959484953,21.620689655172413,0.410207336523126,0.7210290157552084,20.92092092092092,10.5005005005005,0.5125332959484953,0.9676343009676344,0.1839499691352923,102.95970344827586,515.9605034482759,4.847877620689656,SEND_METADATA
4,cam04_wildfire.mp4,cam04,10,15,1249,cam04_frame_340.jpg,video_pipeline/output/saved_frames/cam04_frame_340.jpg,0.909568,0.5166064956178186,20.926666666666662,0.4237018158649251,0.7105220725911457,20.94761428094761,12.248915582248916,0.5166064956178186,1.001001001001001,-0.1114647101783622,103.61288666666664,500.5668866666666,4.5883256333333335,SEND_METADATA
4,cam04_wildfire.mp4,cam04,11,16,1249,cam04_frame_340.jpg,video_pipeline/output/saved_frames/cam04_frame_340.jpg,0.909568,0.5216554131303947,19.826666666666668,0.417955615332885,0.6992257603515626,19.846513179846514,14.010677344010675,0.5216554131303947,1.001001001001001,-0.0114215578595502,104.43496,472.87736,4.630359346666667,SEND_METADATA
4,cam04_wildfire.mp4,cam04,12,17,1272,cam04_frame_363.jpg,video_pipeline/output/saved_frames/cam04_frame_363.jpg,0.89997,0.5026492452925954,17.946666666666665,0.4056463595839524,0.6992257603515626,17.964631297964633,15.298631965298632,0.5026492452925954,1.001001001001001,-0.4933833358782861,103.65762266666668,425.64237333333335,4.99789496,SEND_METADATA
4,cam04_wildfire.mp4,cam04,13,18,1377,cam04_frame_468.jpg,video_pipeline/output/saved_frames/cam04_frame_468.jpg,0.861555,0.4783252812951095,14.066666666666666,0.4199052132701422,0.6992257603515626,14.080747414080747,15.679012345679013,0.4783252812951095,1.001001001001001,-0.1641231644852337,100.52591866666668,362.25808,4.948020406666667,SEND_METADATA
4,cam04_wildfire.mp4,cam04,14,19,1377,cam04_frame_468.jpg,video_pipeline/output/saved_frames/cam04_frame_468.jpg,0.861555,0.4578242993532431,11.213333333333331,0.4453032104637336,0.6992257603515626,11.224557891224558,16.07273940607274,0.4578242993532431,1.001001001001001,-0.1490660314674326,97.12804133333334,311.28488000000004,4.76446868,SEND_METADATA
4,cam04_wildfire.mp4,cam04,15,20,1377,cam04_frame_468.jpg,video_pipeline/output/saved_frames/cam04_frame_468.jpg,0.861555,0.4433352058180653,8.34,0.486810551558753,0.6992257603515626,8.348348348348349,14.647981314647982,0.4433352058180653,1.001001001001001,-0.222335981211975,93.141186,264.0095533333333,4.393824713333333,SEND_METADATA
4,cam04_wildfire.mp4,cam04,16,21,1397,cam04_frame_488.jpg,video_pipeline/output/saved_frames/cam04_frame_488.jpg,0.841007,0.4310870576648115,5.306666666666667,0.5954773869346733,0.6711540352647569,5.311978645311979,12.579245912579246,0.4310870576648115,1.001001001001001,-0.2249912874923443,88.89797800000001,211.47138,3.728095519333333,SEND_METADATA
4,cam04_wildfire.mp4,cam04,17,22,1460,cam04_frame_551.jpg,video_pipeline/output/saved_frames/cam04_frame_551.jpg,0.581397,0.4347733505555555,3.3666666666666667,0.8356435643564356,0.5504300515407987,3.3700367033700367,10.667334000667337,0.4347733505555555,1.001001001001001,0.5630493667260459,86.161184,184.97755333333333,2.815598046,DROP
4,cam04_wildfire.mp4,cam04,18,23,1593,cam04_frame_684.jpg,video_pipeline/output/saved_frames/cam04_frame_684.jpg,0.670492,0.4555064173809522,3.826666666666666,0.9198606271777005,0.5537605194444444,3.8304971638304974,8.955622288955622,0.4555064173809522,1.001001001001001,0.0908126413028289,85.88162599999998,207.45209333333327,2.630136526,SEND_METADATA
4,cam04_wildfire.mp4,cam04,19,24,1606,cam04_frame_697.jpg,video_pipeline/output/saved_frames/cam04_frame_697.jpg,0.672292,0.4594824142698413,4.1866666666666665,0.9347133757961784,0.6995322017578126,4.190857524190858,7.707707707707708,0.4594824142698413,1.001001001001001,0.3732350877915579,86.51704000000001,226.6227266666667,2.655560006,SEND_METADATA
4,cam04_wildfire.mp4,cam04,20,25,1654,cam04_frame_745.jpg,video_pipeline/output/saved_frames/cam04_frame_745.jpg,0.769834,0.4719254801825397,4.633333333333334,0.925179856115108,0.7782428103732638,4.637971304637971,6.4931598264931605,0.4719254801825397,1.001001001001001,0.4071477996873856,88.269062,243.25599333333335,2.774435399333333,SEND_METADATA
4,cam04_wildfire.mp4,cam04,21,26,1671,cam04_frame_762.jpg,video_pipeline/output/saved_frames/cam04_frame_762.jpg,0.796023,0.4824270253253968,5.18,0.9137709137709138,0.7782428103732638,5.185185185185185,5.248581915248582,0.4824270253253968,1.001001001001001,0.383020789491683,90.748846,262.99533999999994,3.045997073333334,SEND_METADATA
4,cam04_wildfire.mp4,cam04,22,27,1714,cam04_frame_805.jpg,video_pipeline/output/saved_frames/cam04_frame_805.jpg,0.805182,0.4928282021699967,6.573333333333333,0.808316430020284,0.7782428103732638,6.579913246579913,4.974974974974975,0.4928282021699967,1.001001001001001,0.1194135576735883,97.87339533333336,333.59314666666666,3.925762146666666,SEND_METADATA
4,cam04_wildfire.mp4,cam04,23,28,1722,cam04_frame_813.jpg,video_pipeline/output/saved_frames/cam04_frame_813.jpg,0.808732,0.4956269600912698,8.02,0.6899418121363259,0.7782428103732638,8.028028028028029,5.929262595929263,0.4956269600912698,1.001001001001001,0.0667160999377261,105.85097733333336,411.42353333333335,4.070815086666666,SEND_METADATA
4,cam04_wildfire.mp4,cam04,24,29,1722,cam04_frame_813.jpg,video_pipeline/output/saved_frames/cam04_frame_813.jpg,0.808732,0.5173633497072095,9.153333333333334,0.6365622723962127,0.7782428103732638,9.162495829162497,6.676676676676677,0.5173633497072095,1.001001001001001,-0.1996397610513818,113.35758733333331,483.22334,4.097674466666668,SEND_METADATA
4,cam04_wildfire.mp4,cam04,25,30,1806,cam04_frame_897.jpg,video_pipeline/output/saved_frames/cam04_frame_897.jpg,0.837424,0.5271542203500665,9.9,0.6154882154882155,0.7759122593315971,9.90990990990991,7.273940607273941,0.5271542203500665,1.001001001001001,-0.1833301495572741,120.28892733333332,544.3837333333333,4.122469173333334,SEND_METADATA
4,cam04_wildfire.mp4,cam04,26,31,1806,cam04_frame_897.jpg,video_pipeline/output/saved_frames/cam04_frame_897.jpg,0.837424,0.5209355666782091,11.373333333333331,0.5650644783118406,0.7928145711263022,11.384718051384718,8.284951618284952,0.5209355666782091,1.001001001001001,0.1569714368397122,126.45972466666667,634.9302266666666,4.280757713333333,SEND_METADATA
4,cam04_wildfire.mp4,cam04,27,32,1806,cam04_frame_897.jpg,video_pipeline/output/saved_frames/cam04_frame_897.jpg,0.837424,0.5127005749620364,11.913333333333334,0.5383324006715166,0.807612244748264,11.92525859192526,9.252585919252589,0.5127005749620364,1.001001001001001,0.1332161493241666,127.87507333333332,673.6684133333333,3.884773133333333,SEND_METADATA
4,cam04_wildfire.mp4,cam04,28,33,1806,cam04_frame_897.jpg,video_pipeline/output/saved_frames/cam04_frame_897.jpg,0.837424,0.506982237160305,11.866666666666667,0.5151685393258427,0.807612244748264,11.878545211878546,9.953286619953287,0.506982237160305,1.001001001001001,0.2388458559105872,127.87921333333333,684.5675266666667,4.67010392,SEND_METADATA
4,cam04_wildfire.mp4,cam04,29,34,1923,cam04_frame_1014.jpg,video_pipeline/output/saved_frames/cam04_frame_1014.jpg,0.893559,0.5021214060229715,12.751677852348994,0.5289473684210526,0.807612244748264,12.679346012679346,10.92092092092092,0.5021214060229715,0.9943276609943276,0.1880626821524018,120.17468322147651,633.5477852348993,5.019531744966442,SEND_FULL
4,cam04_wildfire.mp4,cam04,30,35,1923,cam04_frame_1014.jpg,video_pipeline/output/saved_frames/cam04_frame_1014.jpg,0.893559,0.5109015496815501,13.610738255033556,0.5626232741617357,0.807612244748264,13.533533533533534,11.721721721721725,0.5109015496815501,0.9943276609943276,-0.047849018963651,108.1932932885906,554.4195704697987,4.59608577852349,SEND_FULL
4,cam04_wildfire.mp4,cam04,31,36,1987,cam04_frame_1078.jpg,video_pipeline/output/saved_frames/cam04_frame_1078.jpg,0.930634,0.5237755177595886,14.302013422818792,0.6034725480994838,0.807612244748264,14.220887554220887,12.802802802802804,0.5237755177595886,0.9943276609943276,-0.0449493766207437,96.25090335570472,447.3045100671141,4.054919483221476,SEND_FULL
4,cam04_wildfire.mp4,cam04,32,37,2004,cam04_frame_1095.jpg,video_pipeline/output/saved_frames/cam04_frame_1095.jpg,0.943805,0.5442387166940614,15.416107382550337,0.6451893774488463,0.7628630457465279,15.328661995328662,13.62696029362696,0.5442387166940614,0.9943276609943276,0.1284862027813172,84.22990536912752,337.3546711409396,3.5344242885906043,SEND_FULL
4,cam04_wildfire.mp4,cam04,33,38,2004,cam04_frame_1095.jpg,video_pipeline/output/saved_frames/cam04_frame_1095.jpg,0.943805,0.5659482816189755,16.375838926174495,0.6807377049180328,0.7665955652235243,16.28294961628295,14.080747414080747,0.5659482816189755,0.9943276609943276,-0.2166042004314146,72.50547651006711,221.7044966442953,2.2955050872483223,SEND_FULL
4,cam04_wildfire.mp4,cam04,34,39,2004,cam04_frame_1095.jpg,video_pipeline/output/saved_frames/cam04_frame_1095.jpg,0.943805,0.5834400826048831,16.313333333333333,0.6988148753575807,0.7665955652235243,16.329662996329663,14.504504504504505,0.5834400826048831,1.001001001001001,0.147933102534134,68.661342,179.00274666666664,1.6088000733333334,SEND_FULL
4,cam04_wildfire.mp4,cam04,35,40,2004,cam04_frame_1095.jpg,video_pipeline/output/saved_frames/cam04_frame_1095.jpg,0.943805,0.5779194330226094,16.106666666666666,0.6850165562913907,0.7665955652235243,16.12278945612279,14.828161494828162,0.5779194330226094,1.001001001001001,0.1094871137938244,71.96199466666667,184.70978666666667,2.18978332,SEND_FULL
4,cam04_wildfire.mp4,cam04,36,41,2004,cam04_frame_1095.jpg,video_pipeline/output/saved_frames/cam04_frame_1095.jpg,0.943805,0.5577640115173718,14.326666666666666,0.7068403908794788,0.8591385665039064,14.341007674341007,14.280947614280947,0.5577640115173718,1.001001001001001,-0.068863164730855,82.54797533333334,205.8226133333333,2.9656172000000005,SEND_FULL
4,cam04_wildfire.mp4,cam04,37,42,2034,cam04_frame_1125.jpg,video_pipeline/output/saved_frames/cam04_frame_1125.jpg,0.930557,0.5341223651008075,12.06,0.7390823659480376,0.8591385665039064,12.072072072072071,13.700367033700369,0.5341223651008075,1.001001001001001,-0.1492452801346533,93.05506,224.2970933333333,3.6657202466666674,SEND_FULL
4,cam04_wildfire.mp4,cam04,38,43,2095,cam04_frame_1186.jpg,video_pipeline/output/saved_frames/cam04_frame_1186.jpg,0.922305,0.5111786411618637,10.18,0.7648984937786509,0.8591385665039064,10.19019019019019,13.236569903236571,0.5111786411618637,1.001001001001001,-0.1966003333010606,103.62431933333332,249.07892666666663,4.551751693333333,SEND_FULL
4,cam04_wildfire.mp4,cam04,39,44,2095,cam04_frame_1186.jpg,video_pipeline/output/saved_frames/cam04_frame_1186.jpg,0.922305,0.4748954505822652,8.733333333333333,0.7763358778625954,0.8591385665039064,8.742075408742076,12.535869202535867,0.4748954505822652,1.001001001001001,0.0439762164164851,114.357072,286.9927533333333,5.459076633333333,SEND_FULL
4,cam04_wildfire.mp4,cam04,40,45,2108,cam04_frame_1199.jpg,video_pipeline/output/saved_frames/cam04_frame_1199.jpg,0.796871,0.4597210238963443,8.006666666666666,0.8034970857618651,0.8591385665039064,8.014681348014681,12.068735402068736,0.4597210238963443,1.001001001001001,0.3434696406936853,121.65166,322.9175599999999,5.93169762,SEND_METADATA
4,cam04_wildfire.mp4,cam04,41,46,2267,cam04_frame_1358.jpg,video_pipeline/output/saved_frames/cam04_frame_1358.jpg,0.782555,0.4670488080630111,8.106666666666667,0.8067434210526315,0.7869296982421876,8.114781448114782,11.227894561227895,0.4670488080630111,1.001001001001001,0.0914908014388846,121.29107333333332,330.2749866666666,6.07634442,SEND_METADATA
4,cam04_wildfire.mp4,cam04,42,47,2267,cam04_frame_1358.jpg,video_pipeline/output/saved_frames/cam04_frame_1358.jpg,0.782555,0.4600845332164503,8.133333333333333,0.8,0.7869296982421876,8.141474808141474,10.106773440106776,0.4600845332164503,1.001001001001001,-0.0371061649718177,113.58609533333332,309.98295333333334,6.0748259,SEND_METADATA
4,cam04_wildfire.mp4,cam04,43,48,2267,cam04_frame_1358.jpg,video_pipeline/output/saved_frames/cam04_frame_1358.jpg,0.782555,0.4516629169353054,7.773333333333333,0.8361921097770154,0.7869296982421876,7.781114447781115,8.985652318985652,0.4516629169353054,1.001001001001001,-0.3246764254597555,104.52992733333336,279.8852466666667,5.559749933333333,SEND_METADATA
4,cam04_wildfire.mp4,cam04,44,49,2267,cam04_frame_1358.jpg,video_pipeline/output/saved_frames/cam04_frame_1358.jpg,0.782555,0.4486898074247235,7.46,0.872207327971403,0.7869296982421876,7.4674674674674675,8.104771438104772,0.4486898074247235,1.001001001001001,-0.2086129273316523,95.230786,237.19197333333332,4.986766680000001,SEND_METADATA
4,cam04_wildfire.mp4,cam04,45,50,2267,cam04_frame_1358.jpg,video_pipeline/output/saved_frames/cam04_frame_1358.jpg,0.782555,0.427576592579365,6.8,0.8960784313725491,0.7842002338975694,6.806806806806807,7.410744077410745,0.427576592579365,1.001001001001001,-0.4908101407304022,85.84008999999999,191.0342733333333,4.391673053333334,SEND_METADATA
4,cam04_wildfire.mp4,cam04,46,51,2288,cam04_frame_1379.jpg,video_pipeline/output/saved_frames/cam04_frame_1379.jpg,0.718,0.4088955359259259,6.36,0.8794549266247379,0.7481040128038196,6.366366366366367,7.240573907240575,0.4088955359259259,1.001001001001001,-0.2467985397633187,76.75281999999999,157.65027999999998,3.95712256,SEND_METADATA
4,cam04_wildfire.mp4,cam04,47,52,2373,cam04_frame_1464.jpg,video_pipeline/output/saved_frames/cam04_frame_1464.jpg,0.65287,0.4009273791031746,6.133333333333334,0.8902173913043478,0.61944710078125,6.139472806139473,7.140473807140474,0.4009273791031746,1.001001001001001,-0.0029696949840408,75.03824333333333,155.00988,3.67364738,SEND_METADATA
4,cam04_wildfire.mp4,cam04,48,53,2373,cam04_frame_1464.jpg,video_pipeline/output/saved_frames/cam04_frame_1464.jpg,0.65287,0.3926657223941798,5.86,0.8998862343572241,0.61944710078125,5.865865865865866,6.823490156823491,0.3926657223941798,1.001001001001001,-0.2344550747533993,74.65294533333334,157.17144,3.763337746666667,SEND_METADATA
4,cam04_wildfire.mp4,cam04,49,54,2414,cam04_frame_1505.jpg,video_pipeline/output/saved_frames/cam04_frame_1505.jpg,0.594125,0.3903255562936508,5.8933333333333335,0.9230769230769232,0.8122508586154514,5.899232565899233,6.683350016683351,0.3903255562936508,1.001001001001001,0.2023845699955735,79.39705933333333,185.31892666666667,4.41744228,DROP
4,cam04_wildfire.mp4,cam04,50,55,2414,cam04_frame_1505.jpg,video_pipeline/output/saved_frames/cam04_frame_1505.jpg,0.594125,0.3988750599814815,6.32,0.9535864978902954,0.846771617903646,6.326326326326327,6.566566566566567,0.3988750599814815,1.001001001001001,0.972860358698028,89.10340866666665,237.06073333333333,4.593745226666667,DROP
4,cam04_wildfire.mp4,cam04,51,56,2569,cam04_frame_1660.jpg,video_pipeline/output/saved_frames/cam04_frame_1660.jpg,0.627044,0.4081643947539682,6.66,0.967967967967968,0.846771617903646,6.666666666666667,6.516516516516517,0.4081643947539682,1.001001001001001,0.1605353710300431,98.706232,283.6731866666667,4.96844126,DROP
4,cam04_wildfire.mp4,cam04,52,57,2569,cam04_frame_1660.jpg,video_pipeline/output/saved_frames/cam04_frame_1660.jpg,0.627044,0.4101347651402117,6.793333333333333,0.957801766437684,0.846771617903646,6.800133466800133,6.469803136469803,0.4101347651402117,1.001001001001001,0.1395089058351828,108.10360666666666,325.9101933333333,5.389238026666666,DROP
4,cam04_wildfire.mp4,cam04,53,58,2569,cam04_frame_1660.jpg,video_pipeline/output/saved_frames/cam04_frame_1660.jpg,0.627044,0.4132524663888889,7.166666666666667,0.9395348837209302,0.846771617903646,7.173840507173841,6.519853186519853,0.4132524663888889,1.001001001001001,0.3609765260267502,117.65653266666664,375.14043333333336,5.73716424,DROP
4,cam04_wildfire.mp4,cam04,54,59,2667,cam04_frame_1758.jpg,video_pipeline/output/saved_frames/cam04_frame_1758.jpg,0.633543,0.422828233469216,7.433333333333334,0.9174887892376682,0.846771617903646,7.440774107440775,6.670003336670003,0.422828233469216,1.001001001001001,0.1825427574740483,122.46224666666666,401.1940466666666,5.423538533333334,DROP
4,cam04_wildfire.mp4,cam04,55,60,2684,cam04_frame_1775.jpg,video_pipeline/output/saved_frames/cam04_frame_1775.jpg,0.647707,0.4253272538220298,7.82,0.8959931798806479,0.8462154427842882,7.827827827827828,7.077077077077077,0.4253272538220298,1.001001001001001,-0.146476002750504,122.43305333333332,405.6281266666667,5.645195533333334,DROP
4,cam04_wildfire.mp4,cam04,56,61,2731,cam04_frame_1822.jpg,video_pipeline/output/saved_frames/cam04_frame_1822.jpg,0.710395,0.4210157470221261,8.353333333333333,0.8858739026336792,0.8462154427842882,8.361695028361696,7.514180847514181,0.4210157470221261,1.001001001001001,-0.3697576047323866,122.40708,420.6500266666666,5.697127213333333,SEND_METADATA
4,cam04_wildfire.mp4,cam04,57,62,2766,cam04_frame_1857.jpg,video_pipeline/output/saved_frames/cam04_frame_1857.jpg,0.755175,0.4340736632205388,8.906666666666666,0.9086826347305388,0.7736153507812501,8.915582248915582,7.857857857857858,0.4340736632205388,1.001001001001001,0.354396280576413,122.70118000000002,431.2974333333333,5.663950106666666,SEND_METADATA
4,cam04_wildfire.mp4,cam04,58,63,2797,cam04_frame_1888.jpg,video_pipeline/output/saved_frames/cam04_frame_1888.jpg,0.880494,0.4651192033977504,9.4,0.9326241134751772,0.7736153507812501,9.40940940940941,8.291624958291626,0.4651192033977504,1.001001001001001,-0.1672517164079088,122.93629333333332,432.4519333333333,5.543591213333333,SEND_FULL
4,cam04_wildfire.mp4,cam04,59,64,2814,cam04_frame_1905.jpg,video_pipeline/output/saved_frames/cam04_frame_1905.jpg,0.909883,0.4831212366036186,9.713333333333331,0.9485243651338366,0.7736153507812501,9.723056389723055,8.581915248581916,0.4831212366036186,1.001001001001001,0.0536594898163771,122.61116666666666,441.0113733333334,5.661072706666667,SEND_FULL
4,cam04_wildfire.mp4,cam04,60,65,2814,cam04_frame_1905.jpg,video_pipeline/output/saved_frames/cam04_frame_1905.jpg,0.909883,0.4843049094655714,9.68,0.9297520661157024,0.7842891105902777,9.68968968968969,8.75875875875876,0.4843049094655714,1.001001001001001,0.4459064035461971,121.74114000000002,445.1497,5.705823580000001,SEND_FULL
4,cam04_wildfire.mp4,cam04,61,66,2814,cam04_frame_1905.jpg,video_pipeline/output/saved_frames/cam04_frame_1905.jpg,0.909883,0.4825525461334407,9.846666666666666,0.8909952606635071,0.7842891105902777,9.856523189856524,9.10910910910911,0.4825525461334407,1.001001001001001,0.4443416357179885,120.51286000000005,450.0032933333334,5.767746066666666,SEND_FULL
4,cam04_wildfire.mp4,cam04,62,67,2814,cam04_frame_1905.jpg,video_pipeline/output/saved_frames/cam04_frame_1905.jpg,0.909883,0.4722956432500572,9.738255033557047,0.8111647139903515,0.7842891105902777,9.683016349683015,9.2992992992993,0.4722956432500572,0.9943276609943276,-0.5074771694552609,112.50879261744966,397.34352348993286,5.838584691275168,SEND_FULL
4,cam04_wildfire.mp4,cam04,63,68,2814,cam04_frame_1905.jpg,video_pipeline/output/saved_frames/cam04_frame_1905.jpg,0.909883,0.4423567106385039,9.23489932885906,0.71875,0.7842891105902777,9.182515849182517,9.295962629295962,0.4423567106385039,0.9943276609943276,-0.3764467116190216,103.79312147651008,344.3698322147651,5.852148422818792,SEND_FULL
4,cam04_wildfire.mp4,cam04,64,69,2828,cam04_frame_1919.jpg,video_pipeline/output/saved_frames/cam04_frame_1919.jpg,0.858746,0.4193118402800779,8.36241610738255,0.6211878009630819,0.7842891105902777,8.314981648314982,9.01901901901902,0.4193118402800779,0.9943276609943276,-0.4306882853134531,95.28571409395974,279.681610738255,5.790810602214766,SEND_FULL
4,cam04_wildfire.mp4,cam04,65,70,2888,cam04_frame_1979.jpg,video_pipeline/output/saved_frames/cam04_frame_1979.jpg,0.837843,0.4172723679748104,7.147651006711409,0.5615023474178403,0.7774211602864584,7.107107107107107,8.398398398398399,0.4172723679748104,0.9943276609943276,-0.5634712692432582,87.36404966442953,218.5711946308725,5.757379145838927,SEND_METADATA
4,cam04_wildfire.mp4,cam04,66,71,2888,cam04_frame_1979.jpg,video_pipeline/output/saved_frames/cam04_frame_1979.jpg,0.837843,0.4153625392619871,5.483221476510067,0.5165238678090576,0.488320176595052,5.452118785452119,7.654320987654321,0.4153625392619871,0.9943276609943276,-0.1487314341692407,80.06874161073826,149.43676510067115,5.673766686778524,SEND_METADATA
4,cam04_wildfire.mp4,cam04,67,72,2923,cam04_frame_2014.jpg,video_pipeline/output/saved_frames/cam04_frame_2014.jpg,0.792818,0.4237844013809523,4.96,0.5698924731182796,0.4963947426302084,4.964964964964965,7.323990657323991,0.4237844013809523,1.001001001001001,0.3234840431997802,80.37653733333333,151.19751333333335,5.516480388866667,SEND_METADATA
4,cam04_wildfire.mp4,cam04,68,73,3050,cam04_frame_2141.jpg,video_pipeline/output/saved_frames/cam04_frame_2141.jpg,0.781675,0.425803927915418,5.986666666666666,0.60913140311804,0.4963947426302084,5.992659325992659,7.587587587587588,0.425803927915418,1.001001001001001,0.3428532590482824,81.27816466666665,160.20178,4.6711924222,SEND_METADATA
4,cam04_wildfire.mp4,cam04,69,74,3050,cam04_frame_2141.jpg,video_pipeline/output/saved_frames/cam04_frame_2141.jpg,0.781675,0.4298930098950494,6.926666666666667,0.6381135707410972,0.4963947426302084,6.933600266933601,7.624290957624291,0.4298930098950494,1.001001001001001,0.3537996168407383,82.347284,166.84562666666667,3.807393257333333,SEND_METADATA
4,cam04_wildfire.mp4,cam04,70,75,3050,cam04_frame_2141.jpg,video_pipeline/output/saved_frames/cam04_frame_2141.jpg,0.781675,0.4190779256913456,7.853333333333333,0.6646859083191851,0.5044272149414063,7.861194527861195,7.484150817484151,0.4190779256913456,1.001001001001001,0.3643593644209246,83.41091200000001,172.9964733333333,2.911623930666667,SEND_METADATA
4,cam04_wildfire.mp4,cam04,71,76,3050,cam04_frame_2141.jpg,video_pipeline/output/saved_frames/cam04_frame_2141.jpg,0.781675,0.4161354917230917,8.826666666666666,0.6865558912386707,0.5047377777061632,8.835502168835502,7.143810477143811,0.4161354917230917,1.001001001001001,0.2389047263964755,84.462486,182.98416666666665,1.9770057866666668,SEND_METADATA
4,cam04_wildfire.mp4,cam04,72,77,3216,cam04_frame_2307.jpg,video_pipeline/output/saved_frames/cam04_frame_2307.jpg,0.746019,0.4079817562812927,9.106666666666667,0.6925329428989752,0.6838513818847657,9.115782449115782,7.040373707040374,0.4079817562812927,1.001001001001001,0.3971576650687202,87.06966666666668,198.06564666666668,1.6354563600000005,SEND_METADATA
4,cam04_wildfire.mp4,cam04,73,78,3218,cam04_frame_2309.jpg,video_pipeline/output/saved_frames/cam04_frame_2309.jpg,0.747953,0.4154787392071447,7.746666666666667,0.7616179001721171,0.6838513818847657,7.754421087754421,6.873540206873541,0.4154787392071447,1.001001001001001,0.3190023643815352,99.60129266666668,247.01856,1.820801086666667,SEND_METADATA
4,cam04_wildfire.mp4,cam04,74,79,3276,cam04_frame_2367.jpg,video_pipeline/output/saved_frames/cam04_frame_2367.jpg,0.752341,0.4235229857037037,6.626666666666667,0.8380281690140845,0.7135188203125,6.633299966633301,6.783450116783451,0.4235229857037037,1.001001001001001,0.3512390279997496,112.17239133333334,289.17062,2.009490173333333,SEND_METADATA
4,cam04_wildfire.mp4,cam04,75,80,3287,cam04_frame_2378.jpg,video_pipeline/output/saved_frames/cam04_frame_2378.jpg,0.77463,0.4469416781296295,5.886666666666667,0.8912797281993206,0.7308684597547743,5.892559225892559,6.876876876876877,0.4469416781296295,1.001001001001001,0.4772502640418067,124.67978333333332,333.5065333333333,2.227148173333333,SEND_METADATA
4,cam04_wildfire.mp4,cam04,76,81,3287,cam04_frame_2378.jpg,video_pipeline/output/saved_frames/cam04_frame_2378.jpg,0.77463,0.466452489431217,5.266666666666667,0.910126582278481,0.7340652071940104,5.271938605271939,7.053720387053721,0.466452489431217,1.001001001001001,0.1355845258086654,137.20784866666668,365.1936666666667,2.4137222200000004,SEND_METADATA
4,cam04_wildfire.mp4,cam04,77,82,3287,cam04_frame_2378.jpg,video_pipeline/output/saved_frames/cam04_frame_2378.jpg,0.77463,0.4906556368730159,4.406666666666666,0.9606656580937972,0.7340652071940104,4.411077744411078,6.763430096763431,0.4906556368730159,1.001001001001001,-0.1496514922294741,147.70629333333335,374.4377533333333,1.9882051733333328,SEND_METADATA
4,cam04_wildfire.mp4,cam04,78,83,3287,cam04_frame_2378.jpg,video_pipeline/output/saved_frames/cam04_frame_2378.jpg,0.77463,0.5038293368730158,4.12,0.9627831715210357,0.7340652071940104,4.124124124124124,5.939272605939273,0.5038293368730158,1.001001001001001,-0.1329457842456798,147.93806666666669,350.3350866666666,1.84257638,SEND_METADATA
4,cam04_wildfire.mp4,cam04,79,84,3287,cam04_frame_2378.jpg,video_pipeline/output/saved_frames/cam04_frame_2378.jpg,0.77463,0.5120554888888889,4.06,0.9704433497536946,0.7340652071940104,4.064064064064064,5.3486820153486825,0.5120554888888889,1.001001001001001,-0.1181367170737414,147.93820666666667,341.1342533333333,1.7280834666666665,SEND_METADATA
4,cam04_wildfire.mp4,cam04,80,85,3307,cam04_frame_2398.jpg,video_pipeline/output/saved_frames/cam04_frame_2398.jpg,0.759756,0.5186745103333333,3.933333333333333,0.9796610169491524,0.7340652071940104,3.937270603937271,4.914914914914915,0.5186745103333333,1.001001001001001,-0.1784116021045424,147.85997333333333,331.6789533333333,1.6365258333333332,SEND_METADATA
4,cam04_wildfire.mp4,cam04,81,86,3368,cam04_frame_2459.jpg,video_pipeline/output/saved_frames/cam04_frame_2459.jpg,0.748462,0.5250057591111111,3.9,1.0,0.6554208671126304,3.903903903903904,4.587921254587921,0.5250057591111111,1.001001001001001,0.0993826174790166,147.59878666666663,332.7208866666667,1.61167008,SEND_METADATA
4,cam04_wildfire.mp4,cam04,82,87,3368,cam04_frame_2459.jpg,video_pipeline/output/saved_frames/cam04_frame_2459.jpg,0.748462,0.5228260835555557,4.046666666666667,1.0,0.6676417715277777,4.050717384050717,4.230897564230898,0.5228260835555557,1.001001001001001,0.1493741003025768,147.15556,341.30372666666665,1.6221297933333332,SEND_METADATA
4,cam04_wildfire.mp4,cam04,83,88,3440,cam04_frame_2531.jpg,video_pipeline/output/saved_frames/cam04_frame_2531.jpg,0.725098,0.5320618253333333,4.0,1.0,0.6695699375683594,4.004004004004004,4.064064064064064,0.5320618253333333,1.001001001001001,0.1222932885305948,146.63270666666665,338.0249933333333,1.7339195933333331,SEND_METADATA
4,cam04_wildfire.mp4,cam04,84,89,3440,cam04_frame_2531.jpg,video_pipeline/output/saved_frames/cam04_frame_2531.jpg,0.725098,0.5259966595555556,3.94,0.9915397631133672,0.7755296485568577,3.943943943943944,4.004004004004004,0.5259966595555556,1.001001001001001,0.2072581376582558,145.86288000000002,331.5928333333334,1.8083137733333332,SEND_METADATA
4,cam04_wildfire.mp4,cam04,85,90,3474,cam04_frame_2565.jpg,video_pipeline/output/saved_frames/cam04_frame_2565.jpg,0.708668,0.5219853252222222,3.8133333333333335,0.9912587412587412,0.7755296485568577,3.817150483817151,3.87721054387721,0.5219853252222222,1.001001001001001,0.0940130757905894,144.91096666666664,311.9187866666667,1.817768713333333,SEND_METADATA
5,cam05_fire_smoke.mp4,cam05,0,5,3649,cam05_frame_26.jpg,video_pipeline/output/saved_frames/cam05_frame_26.jpg,0.919012,0.5042443601286483,5.193548387096774,0.8027950310559007,0.6366882165625,5.152,2.576,0.5042443601286483,0.992,-0.3632788827323234,59.61361451612903,658.5158145161291,4.62441060483871,SEND_FULL
5,cam05_fire_smoke.mp4,cam05,1,6,3649,cam05_frame_26.jpg,video_pipeline/output/saved_frames/cam05_frame_26.jpg,0.919012,0.4782031756857142,4.608,0.7222222222222222,0.6366882165625,4.608,2.916,0.4782031756857142,1.0,-0.3624944064700729,58.71152,729.188552,3.730730648,SEND_METADATA
5,cam05_fire_smoke.mp4,cam05,2,7,3673,cam05_frame_50.jpg,video_pipeline/output/saved_frames/cam05_frame_50.jpg,0.890212,0.459515841908976,3.9557522123893807,0.6554809843400448,0.6366882165625,3.576,3.072,0.459515841908976,0.904,-0.3326605142886069,57.50405398230089,759.5598584070796,2.921564666371682,SEND_METADATA
5,cam05_fire_smoke.mp4,cam05,3,8,3699,cam05_frame_76.jpg,video_pipeline/output/saved_frames/cam05_frame_76.jpg,0.794491,0.4413837835227273,3.5568181818181817,0.5846645367412141,0.5461028824392361,2.504,3.072,0.4413837835227273,0.704,-0.2653650491629705,55.08847159090909,751.6133068181817,1.8942909920454547,SEND_METADATA
5,cam05_fire_smoke.mp4,cam05,4,9,3729,cam05_frame_106.jpg,video_pipeline/output/saved_frames/cam05_frame_106.jpg,0.684964,0.4212731838164251,3.36231884057971,0.5732758620689655,0.4026792724392361,1.856,3.096,0.4212731838164251,0.504,-0.734292319976358,56.51841594202899,760.0704492753624,1.8087998304347823,SEND_METADATA
5,cam05_fire_smoke.mp4,cam05,5,10,3800,cam05_frame_233.jpg,video_pipeline/output/saved_frames/cam05_frame_233.jpg,0.672265,0.4646703132850241,2.246376811594203,0.6967741935483871,0.4024528536328124,1.24,3.196,0.4646703132850241,0.304,-0.7062235398388234,65.9588072463768,645.1818115942029,2.5350281492753624,SEND_METADATA
5,cam05_fire_smoke.mp4,cam05,6,11,3800,cam05_frame_233.jpg,video_pipeline/output/saved_frames/cam05_frame_233.jpg,0.672265,0.4505761497584541,1.579710144927536,0.6605504587155964,0.4024159858506944,0.872,2.74,0.4505761497584541,0.36,-0.6471829170477176,75.51518695652175,589.9401739130435,3.8793371927536233,SEND_METADATA
5,cam05_fire_smoke.mp4,cam05,7,12,3800,cam05_frame_233.jpg,video_pipeline/output/saved_frames/cam05_frame_233.jpg,0.672265,0.4346193535353535,1.2121212121212122,0.5875,0.1576638861328125,0.64,2.108,0.4346193535353535,0.36,3.0,80.57099393939393,553.8885454545456,5.116600454545455,SEND_METADATA
5,cam05_fire_smoke.mp4,cam05,8,13,3800,cam05_frame_233.jpg,video_pipeline/output/saved_frames/cam05_frame_233.jpg,0.672265,0.4212804594017094,1.2307692307692308,0.4895833333333333,0.1576638861328125,0.768,1.636,0.4212804594017094,0.36,1.5489603291245857,80.45274487179486,534.9759999999999,5.470520384615385,SEND_METADATA
5,cam05_fire_smoke.mp4,cam05,9,14,3800,cam05_frame_233.jpg,video_pipeline/output/saved_frames/cam05_frame_233.jpg,0.672265,0.4092170815602837,1.5425531914893618,0.4758620689655172,0.6602289086805556,1.16,1.508,0.4092170815602837,0.32,3.0,80.35142659574468,604.4164361702127,5.517985212765957,SEND_METADATA
5,cam05_fire_smoke.mp4,cam05,10,15,3871,cam05_frame_335.jpg,video_pipeline/output/saved_frames/cam05_frame_335.jpg,0.611403,0.3492786985815603,1.74468085106383,0.5,0.6602289086805556,1.312,1.276,0.3492786985815603,0.36,1.432354076859457,86.38977553191489,609.2041808510638,6.3052665957446825,DROP
5,cam05_fire_smoke.mp4,cam05,11,16,3871,cam05_frame_335.jpg,video_pipeline/output/saved_frames/cam05_frame_335.jpg,0.611403,0.3469470750915751,1.6593406593406594,0.543046357615894,0.6602289086805556,1.208,1.04,0.3469470750915751,0.464,0.4435151425877712,90.4277065934066,587.1903736263737,6.725222637362638,DROP
5,cam05_fire_smoke.mp4,cam05,12,17,3871,cam05_frame_335.jpg,video_pipeline/output/saved_frames/cam05_frame_335.jpg,0.611403,0.3631821194968554,1.990566037735849,0.5071090047393365,0.6602289086805556,1.688,1.164,0.3631821194968554,0.464,0.9091565238422205,88.48023490566037,621.1074245283019,6.558659528301886,DROP
5,cam05_fire_smoke.mp4,cam05,13,18,3964,cam05_frame_431.jpg,video_pipeline/output/saved_frames/cam05_frame_431.jpg,0.627023,0.3718985936974789,2.294117647058824,0.4835164835164835,0.6602289086805556,2.184,1.476,0.3718985936974789,0.464,3.0,85.97335714285711,618.7571344537816,7.419803109243698,DROP
5,cam05_fire_smoke.mp4,cam05,14,19,3964,cam05_frame_431.jpg,video_pipeline/output/saved_frames/cam05_frame_431.jpg,0.627023,0.3619722140495867,2.206611570247934,0.4307116104868914,0.650302908984375,2.136,1.648,0.3619722140495867,0.456,-0.7849524302865694,83.19999008264463,554.1795454545455,8.399575702479337,DROP
5,cam05_fire_smoke.mp4,cam05,15,20,3964,cam05_frame_431.jpg,video_pipeline/output/saved_frames/cam05_frame_431.jpg,0.627023,0.3675376126050419,2.168067226890756,0.313953488372093,0.3705698977604166,2.064,1.688,0.3675376126050419,0.456,0.08029628096607,73.18033613445377,533.7232016806722,9.593210840336134,DROP
5,cam05_fire_smoke.mp4,cam05,16,21,3964,cam05_frame_431.jpg,video_pipeline/output/saved_frames/cam05_frame_431.jpg,0.627023,0.3565746493169399,2.622950819672131,0.309375,0.5878231213541666,2.56,1.884,0.3565746493169399,0.448,1.7107672280794486,62.7885975409836,559.4148524590163,10.76864393442623,DROP
5,cam05_fire_smoke.mp4,cam05,17,22,4070,cam05_frame_540.jpg,video_pipeline/output/saved_frames/cam05_frame_540.jpg,0.795907,0.3544293689370283,3.565573770491804,0.3011494252873563,0.6408387459201389,3.48,2.584,0.3544293689370283,0.36,1.2091203773181582,55.53661803278689,589.3249426229507,11.788771393442625,SEND_METADATA
5,cam05_fire_smoke.mp4,cam05,18,23,4083,cam05_frame_553.jpg,video_pipeline/output/saved_frames/cam05_frame_553.jpg,0.915937,0.3706823439532916,4.262295081967213,0.3423076923076923,0.6408387459201389,4.16,3.172,0.3706823439532916,0.56,1.2269668763000594,51.08641557377048,615.0456147540983,11.287518852459018,SEND_METADATA
5,cam05_fire_smoke.mp4,cam05,19,24,4083,cam05_frame_553.jpg,video_pipeline/output/saved_frames/cam05_frame_553.jpg,0.915937,0.3986585949703187,4.7560975609756095,0.358974358974359,0.6408387459201389,4.68,3.408,0.3986585949703187,0.76,3.0,53.015930894308944,641.221593495935,10.3803506504065,SEND_METADATA
5,cam05_fire_smoke.mp4,cam05,20,25,4083,cam05_frame_553.jpg,video_pipeline/output/saved_frames/cam05_frame_553.jpg,0.915937,0.4234261390507937,5.128,0.407176287051482,0.6813305765625001,5.128,3.596,0.4234261390507937,0.96,0.8988082704089339,56.35786079999999,642.5921920000001,9.46156696,SEND_METADATA
5,cam05_fire_smoke.mp4,cam05,21,26,4083,cam05_frame_553.jpg,video_pipeline/output/saved_frames/cam05_frame_553.jpg,0.915937,0.4850044658507936,4.928,0.4707792207792208,0.6813305765625001,4.928,3.744,0.4850044658507936,1.0,0.053718337313813,59.409968000000006,559.0815999999999,7.596495119999999,SEND_METADATA
5,cam05_fire_smoke.mp4,cam05,22,27,4083,cam05_frame_553.jpg,video_pipeline/output/saved_frames/cam05_frame_553.jpg,0.915937,0.5186621260349206,4.168,0.6180422264875239,0.6813305765625001,4.168,3.824,0.5186621260349206,1.0,0.1289996307469856,61.2954496,428.513904,5.74496232,SEND_FULL
5,cam05_fire_smoke.mp4,cam05,23,28,4214,cam05_frame_684.jpg,video_pipeline/output/saved_frames/cam05_frame_684.jpg,0.826077,0.5370285394857142,3.776,0.7711864406779662,0.6813305765625001,3.776,3.968,0.5370285394857142,1.0,0.2125932272627104,62.8158112,348.224776,4.914097679999999,SEND_METADATA
5,cam05_fire_smoke.mp4,cam05,24,29,4254,cam05_frame_724.jpg,video_pipeline/output/saved_frames/cam05_frame_724.jpg,0.889179,0.5503897576761907,4.056,0.9171597633136096,0.7027119709765624,4.056,4.368,0.5503897576761907,1.0,0.069031828958416,60.0467824,299.75036000000006,4.542021839999999,SEND_FULL
5,cam05_fire_smoke.mp4,cam05,25,30,4276,cam05_frame_746.jpg,video_pipeline/output/saved_frames/cam05_frame_746.jpg,0.921988,0.5563687500380953,4.672,0.9691780821917808,0.7027119709765624,4.672,4.9,0.5563687500380953,1.0,0.0063326825410368,61.364144799999984,349.51956,4.21605472,SEND_FULL
5,cam05_fire_smoke.mp4,cam05,26,31,4276,cam05_frame_746.jpg,video_pipeline/output/saved_frames/cam05_frame_746.jpg,0.921988,0.5355600472952381,5.128,0.9344773790951638,0.7027119709765624,5.128,5.028,0.5355600472952381,1.0,-0.2618133837405655,65.6463304,448.33087200000006,5.10569584,SEND_FULL
5,cam05_fire_smoke.mp4,cam05,27,32,4276,cam05_frame_746.jpg,video_pipeline/output/saved_frames/cam05_frame_746.jpg,0.921988,0.5201053300952381,4.808,0.930116472545757,0.7027119709765624,4.808,4.488,0.5201053300952381,1.0,-0.341847424995014,70.01250639999999,525.413904,5.026874912,SEND_FULL
5,cam05_fire_smoke.mp4,cam05,28,33,4276,cam05_frame_746.jpg,video_pipeline/output/saved_frames/cam05_frame_746.jpg,0.921988,0.5147202291619046,4.152,0.9190751445086706,0.7027119709765624,4.152,3.964,0.5147202291619046,1.0,-0.3857086777352832,74.2650952,592.84248,4.326328727999999,SEND_FULL
5,cam05_fire_smoke.mp4,cam05,29,34,4276,cam05_frame_746.jpg,video_pipeline/output/saved_frames/cam05_frame_746.jpg,0.921988,0.4974703845523809,3.328,0.9134615384615384,0.6102719381076388,3.328,3.692,0.4974703845523809,1.0,-0.3258018039111088,79.13541519999998,642.1122240000001,3.35410630504,SEND_FULL
5,cam05_fire_smoke.mp4,cam05,30,35,4284,cam05_frame_754.jpg,video_pipeline/output/saved_frames/cam05_frame_754.jpg,0.91611,0.4825284225904763,2.336,0.8732876712328768,0.6102719381076388,2.336,3.504,0.4825284225904763,1.0,-0.7984364156935854,81.3237568,618.989952,2.62538349592,SEND_FULL
5,cam05_fire_smoke.mp4,cam05,31,36,4327,cam05_frame_797.jpg,video_pipeline/output/saved_frames/cam05_frame_797.jpg,0.683034,0.4813647840000001,1.576,0.934010152284264,0.4306131006770833,1.576,3.352,0.4813647840000001,1.0,-0.7285520695580159,81.97220080000001,602.541328,1.2585226479200002,SEND_METADATA
5,cam05_fire_smoke.mp4,cam05,32,37,4330,cam05_frame_800.jpg,video_pipeline/output/saved_frames/cam05_frame_800.jpg,0.654475,0.477498916,1.608,0.7910447761194029,0.4052885104166667,1.608,3.208,0.477498916,1.0,-0.6652156801607048,83.13888320000001,649.869912,1.57262355992,SEND_METADATA
5,cam05_fire_smoke.mp4,cam05,33,38,4456,cam05_frame_926.jpg,video_pipeline/output/saved_frames/cam05_frame_926.jpg,0.654733,0.4557205686666666,1.824,0.6666666666666666,0.4049274194444445,1.824,2.988,0.4557205686666666,1.0,-0.6836376241485304,82.88985360000001,686.8988079999998,2.33092718392,SEND_METADATA
5,cam05_fire_smoke.mp4,cam05,34,39,4489,cam05_frame_959.jpg,video_pipeline/output/saved_frames/cam05_frame_959.jpg,0.686141,0.4482714513333333,2.2,0.48,0.404248086953125,2.2,2.764,0.4482714513333333,1.0,-0.6483282961317016,80.76470479999998,723.9028720000001,3.5568444068800003,SEND_METADATA
5,cam05_fire_smoke.mp4,cam05,35,40,4514,cam05_frame_984.jpg,video_pipeline/output/saved_frames/cam05_frame_984.jpg,0.717156,0.4394351614095237,3.12,0.3282051282051282,0.1456085228906249,3.12,2.728,0.4394351614095237,1.0,0.1287943593798566,76.43909920000002,792.10868,4.204921216000001,SEND_METADATA
5,cam05_fire_smoke.mp4,cam05,36,41,4514,cam05_frame_984.jpg,video_pipeline/output/saved_frames/cam05_frame_984.jpg,0.717156,0.4068322684095238,3.776,0.2563559322033898,0.174668925,3.776,2.676,0.4068322684095238,0.888,-0.6345804285588494,73.21477920000004,859.848296,5.895751263999999,SEND_METADATA
5,cam05_fire_smoke.mp4,cam05,37,42,4514,cam05_frame_984.jpg,video_pipeline/output/saved_frames/cam05_frame_984.jpg,0.717156,0.3779853392569125,4.161290322580645,0.2344961240310077,0.5776223218880209,4.128,2.868,0.3779853392569125,0.688,1.315799929880094,73.49520161290322,906.717508064516,6.72222193548387,SEND_METADATA
5,cam05_fire_smoke.mp4,cam05,38,43,4514,cam05_frame_984.jpg,video_pipeline/output/saved_frames/cam05_frame_984.jpg,0.717156,0.3584540584773425,4.42741935483871,0.209471766848816,0.5776223218880209,4.392,3.108,0.3584540584773425,0.488,-0.8180071513711017,74.90113629032257,928.7272822580644,7.239374838709677,SEND_METADATA
5,cam05_fire_smoke.mp4,cam05,39,44,4514,cam05_frame_984.jpg,video_pipeline/output/saved_frames/cam05_frame_984.jpg,0.717156,0.3443608105288836,4.098360655737705,0.194,0.5776223218880209,4.0,3.1,0.3443608105288836,0.288,0.0211684376211404,76.19973524590164,864.2848360655738,7.10133524590164,SEND_METADATA
5,cam05_fire_smoke.mp4,cam05,40,45,4539,cam05_frame_1009.jpg,video_pipeline/output/saved_frames/cam05_frame_1009.jpg,0.56351,0.3318841144125682,3.114754098360656,0.2157894736842105,0.5776223218880209,3.04,3.08,0.3318841144125682,0.136,0.5932068847007848,78.31309590163934,757.8580327868854,7.271575573770492,DROP
5,cam05_fire_smoke.mp4,cam05,41,46,4578,cam05_frame_1049.jpg,video_pipeline/output/saved_frames/cam05_frame_1049.jpg,0.548371,0.3331028433908045,2.5689655172413794,0.285234899328859,0.5776223218880209,2.384,3.08,0.3331028433908045,0.24,-0.6783519283989486,78.25782068965519,650.6957844827587,7.690479827586207,DROP
5,cam05_fire_smoke.mp4,cam05,42,47,4598,cam05_frame_1069.jpg,video_pipeline/output/saved_frames/cam05_frame_1069.jpg,0.516589,0.3367428477346278,2.0485436893203883,0.3317535545023696,0.2838361150564236,1.688,2.908,0.3367428477346278,0.32,-0.3369985869041748,74.43362621359222,531.6076213592233,8.571376213592233,DROP
5,cam05_fire_smoke.mp4,cam05,43,48,4604,cam05_frame_1075.jpg,video_pipeline/output/saved_frames/cam05_frame_1075.jpg,0.51498,0.3330016818681318,1.4615384615384617,0.4511278195488721,0.2670593861328125,1.064,2.728,0.3330016818681318,0.32,3.0,67.13833076923076,412.66696703296697,9.46808912087912,DROP
5,cam05_fire_smoke.mp4,cam05,44,49,4661,cam05_frame_1135.jpg,video_pipeline/output/saved_frames/cam05_frame_1135.jpg,0.489375,0.3308471100823045,1.3950617283950617,0.504424778761062,0.5863277495746527,0.904,2.452,0.3308471100823045,0.32,0.0395466240852107,58.56283580246914,399.0478641975309,10.729772098765432,DROP
5,cam05_fire_smoke.mp4,cam05,45,50,4724,cam05_frame_1241.jpg,video_pipeline/output/saved_frames/cam05_frame_1241.jpg,0.769874,0.360250047041847,3.111111111111111,0.4285714285714285,0.5863277495746527,2.016,2.528,0.360250047041847,0.232,1.731294364222799,50.12478765432098,501.5869876543209,12.109123827160492,SEND_METADATA
5,cam05_fire_smoke.mp4,cam05,46,51,4724,cam05_frame_1241.jpg,video_pipeline/output/saved_frames/cam05_frame_1241.jpg,0.769874,0.3686094071938597,4.586206896551724,0.4110275689223057,0.6259267633463542,3.192,2.788,0.3686094071938597,0.4,0.3378212893325022,49.60988275862069,617.8383908045977,11.010940459770117,SEND_METADATA
5,cam05_fire_smoke.mp4,cam05,47,52,4724,cam05_frame_1241.jpg,video_pipeline/output/saved_frames/cam05_frame_1241.jpg,0.769874,0.377008375256097,4.693069306930693,0.3860759493670886,0.6259267633463542,3.792,2.74,0.377008375256097,0.6,0.5246006952376713,57.56719207920792,696.3605148514852,9.231986485148516,SEND_METADATA
5,cam05_fire_smoke.mp4,cam05,48,53,4724,cam05_frame_1241.jpg,video_pipeline/output/saved_frames/cam05_frame_1241.jpg,0.769874,0.3976498718155001,4.884955752212389,0.4257246376811594,0.6582911093185764,4.416,2.74,0.3976498718155001,0.8,3.0,62.21878761061947,728.2425929203541,8.639319513274337,SEND_METADATA
5,cam05_fire_smoke.mp4,cam05,49,54,4724,cam05_frame_1241.jpg,video_pipeline/output/saved_frames/cam05_frame_1241.jpg,0.769874,0.4207323093212121,4.88,0.5114754098360655,0.6582911093185764,4.88,2.892,0.4207323093212121,1.0,3.0,65.9098848,682.5888320000001,7.330550999999999,SEND_METADATA
5,cam05_fire_smoke.mp4,cam05,50,55,4857,cam05_frame_1374.jpg,video_pipeline/output/saved_frames/cam05_frame_1374.jpg,0.804903,0.4415484857714286,4.224,0.6534090909090909,0.6582911093185764,4.224,3.12,0.4415484857714286,1.0,0.2121751097505532,67.7626064,583.4059040000001,5.62937884,SEND_METADATA
5,cam05_fire_smoke.mp4,cam05,51,56,4861,cam05_frame_1378.jpg,video_pipeline/output/saved_frames/cam05_frame_1378.jpg,0.822177,0.4830963781809523,3.544,0.801354401805869,0.6582911093185764,3.544,3.368,0.4830963781809523,1.0,0.8348180173781867,67.08937679999998,466.888104,4.62338668,SEND_METADATA
5,cam05_fire_smoke.mp4,cam05,52,57,4861,cam05_frame_1378.jpg,video_pipeline/output/saved_frames/cam05_frame_1378.jpg,0.822177,0.5316033457142857,3.568,0.9304932735426008,0.6582911093185764,3.568,3.68,0.5316033457142857,1.0,1.063598956302732,61.901588,346.0613839999999,3.856139376,SEND_METADATA
5,cam05_fire_smoke.mp4,cam05,53,58,4861,cam05_frame_1378.jpg,video_pipeline/output/saved_frames/cam05_frame_1378.jpg,0.822177,0.5722481888000001,3.432,1.0,0.6486394493055555,3.432,3.924,0.5722481888000001,1.0,0.0563174385787591,59.4554712,250.189976,2.5022995919999995,SEND_METADATA
6,cam06_fire.mp4,cam06,3,8,4973,cam06_frame_198.jpg,video_pipeline/output/saved_frames/cam06_frame_198.jpg,0.335677,0.2846221666666667,1.8235294117647056,0.0,0.0053564146408203,0.248,0.124,0.2846221666666667,0.0,-0.3664576617134557,124.11764705882354,370.4715294117647,1.3110009411764705,DROP
6,cam06_fire.mp4,cam06,4,9,4976,cam06_frame_201.jpg,video_pipeline/output/saved_frames/cam06_frame_201.jpg,0.343037,0.2858465555555555,1.5151515151515151,0.0,0.0053564146408203,0.4,0.2,0.2858465555555555,0.0,-0.4203318397490113,123.6768787878788,369.7156060606061,1.2942870000000002,DROP
6,cam06_fire.mp4,cam06,5,10,4995,cam06_frame_237.jpg,video_pipeline/output/saved_frames/cam06_frame_237.jpg,0.353425,0.2906377348484849,1.3863636363636365,0.0,0.0057916152708333,0.488,0.244,0.2906377348484849,0.0,-0.0415459058137885,123.3738181818182,377.38181818181806,1.244969181818182,DROP
6,cam06_fire.mp4,cam06,6,11,4995,cam06_frame_237.jpg,video_pipeline/output/saved_frames/cam06_frame_237.jpg,0.353425,0.2898304296296296,1.3777777777777778,0.0,0.0057916152708333,0.496,0.248,0.2898304296296296,0.0,-0.692578149050809,123.33155555555555,380.0018888888888,1.3230485333333335,DROP
6,cam06_fire.mp4,cam06,7,12,4995,cam06_frame_237.jpg,video_pipeline/output/saved_frames/cam06_frame_237.jpg,0.353425,0.2898304296296296,1.3777777777777778,0.0,0.0057916152708333,0.496,0.248,0.2898304296296296,0.0,-0.692578149050809,123.33155555555555,380.0018888888888,1.3230485333333335,DROP
6,cam06_fire.mp4,cam06,8,13,4995,cam06_frame_237.jpg,video_pipeline/output/saved_frames/cam06_frame_237.jpg,0.353425,0.2929925892857142,1.1071428571428572,0.0,0.0057916152708333,0.248,0.248,0.2929925892857142,0.0,-0.533611731012581,122.85428571428572,385.7881785714285,1.330363142857143,DROP
6,cam06_fire.mp4,cam06,9,14,4995,cam06_frame_237.jpg,video_pipeline/output/saved_frames/cam06_frame_237.jpg,0.353425,0.2858252999999999,1.0,0.6,0.1519214901367188,0.24,0.32,0.2858252999999999,0.144,3.0,119.05296666666666,435.3066666666666,1.5349195999999998,DROP
6,cam06_fire.mp4,cam06,10,15,5030,cam06_frame_359.jpg,video_pipeline/output/saved_frames/cam06_frame_359.jpg,0.341713,0.28166109375,1.0,0.96875,0.1519214901367188,0.256,0.372,0.28166109375,0.248,3.0,116.52534375,452.66459375,1.46378253125,DROP
6,cam06_fire.mp4,cam06,11,16,5030,cam06_frame_359.jpg,video_pipeline/output/saved_frames/cam06_frame_359.jpg,0.341713,0.2809718484848484,1.0,1.0,0.1519214901367188,0.264,0.38,0.2809718484848484,0.264,-0.0221654564502015,116.29081818181815,450.18,1.446480909090909,DROP
6,cam06_fire.mp4,cam06,12,17,5049,cam06_frame_422.jpg,video_pipeline/output/saved_frames/cam06_frame_422.jpg,0.386965,0.2934829183673469,1.0,1.0,0.185408886469184,0.392,0.444,0.2934829183673469,0.392,0.0224137649043207,116.50669387755104,458.0291020408163,1.3607269591836737,DROP
6,cam06_fire.mp4,cam06,13,18,5060,cam06_frame_433.jpg,video_pipeline/output/saved_frames/cam06_frame_433.jpg,0.486368,0.32158534375,1.0,1.0,0.185408886469184,0.512,0.38,0.32158534375,0.512,0.0626575094280047,116.81884375,459.754890625,1.195307546875,DROP
6,cam06_fire.mp4,cam06,14,19,5060,cam06_frame_433.jpg,video_pipeline/output/saved_frames/cam06_frame_433.jpg,0.486368,0.3274597704918032,1.0,1.0,0.185408886469184,0.488,0.364,0.3274597704918032,0.488,0.1752142713944064,117.4250819672131,459.63436065573774,1.0228707049180328,DROP
6,cam06_fire.mp4,cam06,15,20,5060,cam06_frame_433.jpg,video_pipeline/output/saved_frames/cam06_frame_433.jpg,0.486368,0.3345890153846154,1.0,1.0,0.185408886469184,0.52,0.388,0.3345890153846154,0.52,0.2407103868076131,118.44467692307693,459.2640769230769,0.9852546153846156,DROP
6,cam06_fire.mp4,cam06,16,21,5121,cam06_frame_522.jpg,video_pipeline/output/saved_frames/cam06_frame_522.jpg,0.486378,0.3542269659090909,1.0,1.0,0.185408886469184,0.704,0.484,0.3542269659090909,0.704,-0.2067020417747944,119.32303409090908,468.3790681818182,0.8963210909090911,DROP
6,cam06_fire.mp4,cam06,17,22,5127,cam06_frame_528.jpg,video_pipeline/output/saved_frames/cam06_frame_528.jpg,0.497699,0.3695115463917526,1.0,1.0,0.1793870445963541,0.776,0.584,0.3695115463917526,0.776,0.0032266893224434,120.50610309278348,472.0742783505154,0.7823176391752578,DROP
6,cam06_fire.mp4,cam06,18,23,5127,cam06_frame_528.jpg,video_pipeline/output/saved_frames/cam06_frame_528.jpg,0.497699,0.3547602637362637,1.0,1.0,0.1793870445963541,0.728,0.62,0.3547602637362637,0.728,0.0820627131458189,121.21147252747254,472.10163736263735,0.8119887692307691,DROP
6,cam06_fire.mp4,cam06,19,24,5179,cam06_frame_596.jpg,video_pipeline/output/saved_frames/cam06_frame_596.jpg,0.541555,0.3799473861386139,1.0,1.0,0.1793870445963541,0.808,0.648,0.3799473861386139,0.808,-0.1105522769037468,122.084099009901,469.4202178217823,0.7184364356435644,DROP
6,cam06_fire.mp4,cam06,20,25,5179,cam06_frame_596.jpg,video_pipeline/output/saved_frames/cam06_frame_596.jpg,0.541555,0.4114241834862385,1.0,1.0,0.1759244921137153,0.872,0.696,0.4114241834862385,0.872,-0.1873179247645283,122.83822935779816,464.4177155963303,0.6729921100917431,DROP
6,cam06_fire.mp4,cam06,21,26,5179,cam06_frame_596.jpg,video_pipeline/output/saved_frames/cam06_frame_596.jpg,0.541555,0.4041560825688072,1.0,1.0,0.154724548250868,0.872,0.788,0.4041560825688072,0.872,-0.0594193604483259,123.54973394495411,456.258871559633,0.6511304128440366,DROP
6,cam06_fire.mp4,cam06,22,27,5179,cam06_frame_596.jpg,video_pipeline/output/saved_frames/cam06_frame_596.jpg,0.541555,0.3988643027522935,1.1376146788990826,1.0,0.1514218102734374,0.992,0.884,0.3988643027522935,0.872,-0.0746150175488555,124.0020733944954,453.2826972477065,0.6731295229357797,DROP
6,cam06_fire.mp4,cam06,23,28,5179,cam06_frame_596.jpg,video_pipeline/output/saved_frames/cam06_frame_596.jpg,0.541555,0.417310984,1.12,1.0,0.1484696892404513,1.12,0.924,0.417310984,1.0,-0.0496499952838869,124.168496,448.532232,0.6570733679999999,DROP
6,cam06_fire.mp4,cam06,24,29,5289,cam06_frame_706.jpg,video_pipeline/output/saved_frames/cam06_frame_706.jpg,0.566237,0.424117024,1.12,1.0,0.1478606363628472,1.12,0.964,0.424117024,1.0,-0.0742025383424712,124.379728,443.9016160000001,0.683103848,DROP
6,cam06_fire.mp4,cam06,25,30,5289,cam06_frame_706.jpg,video_pipeline/output/saved_frames/cam06_frame_706.jpg,0.566237,0.3899927822580644,1.1209677419354838,1.0,0.1478606363628472,1.112,0.992,0.3899927822580644,0.992,-0.0403405793711274,124.47769354838708,441.57116129032255,0.6843265725806451,DROP
6,cam06_fire.mp4,cam06,26,31,5289,cam06_frame_706.jpg,video_pipeline/output/saved_frames/cam06_frame_706.jpg,0.566237,0.3837179464285714,1.1428571428571428,1.0,0.1513488933159722,1.024,0.948,0.3837179464285714,0.896,0.0341724118786799,124.5045,441.9263392857143,0.7335446250000002,DROP
6,cam06_fire.mp4,cam06,27,32,5289,cam06_frame_706.jpg,video_pipeline/output/saved_frames/cam06_frame_706.jpg,0.566237,0.3773254955357143,1.0267857142857142,1.0,0.1513488933159722,0.92,0.956,0.3773254955357143,0.896,0.0604563600754342,124.54278571428571,440.0539196428571,0.7361591249999998,DROP
6,cam06_fire.mp4,cam06,28,33,5289,cam06_frame_706.jpg,video_pipeline/output/saved_frames/cam06_frame_706.jpg,0.566237,0.3554234479166666,1.1517857142857142,1.0,0.1617149234440104,1.032,1.076,0.3554234479166666,0.896,0.114535023843407,124.56733035714286,445.6748125,0.7725547232142856,DROP
6,cam06_fire.mp4,cam06,29,34,5385,cam06_frame_815.jpg,video_pipeline/output/saved_frames/cam06_frame_815.jpg,0.45257,0.3225932262996942,1.2660550458715596,1.0,0.1617149234440104,1.104,1.112,0.3225932262996942,0.872,0.0336376014764314,124.5610733944954,447.99807339449535,0.8300271100917431,DROP
6,cam06_fire.mp4,cam06,30,35,5385,cam06_frame_815.jpg,video_pipeline/output/saved_frames/cam06_frame_815.jpg,0.45257,0.3226067682539683,1.3238095238095238,1.0,0.1630743442252604,1.112,1.112,0.3226067682539683,0.84,-0.0008495310468121,124.6358,447.40728571428576,0.9400914190476192,DROP
6,cam06_fire.mp4,cam06,31,36,5385,cam06_frame_815.jpg,video_pipeline/output/saved_frames/cam06_frame_815.jpg,0.45257,0.3200792584097859,1.3394495412844036,1.0,0.1630743442252604,1.168,1.096,0.3200792584097859,0.872,0.0346605587835241,124.72117431192656,438.09007339449545,0.9127158899082568,DROP
6,cam06_fire.mp4,cam06,32,37,5385,cam06_frame_815.jpg,video_pipeline/output/saved_frames/cam06_frame_815.jpg,0.45257,0.3070821094771241,1.3529411764705883,1.0,0.1630743442252604,1.104,1.012,0.3070821094771241,0.816,0.0548661027531277,124.77535294117648,435.6282156862745,0.9730423333333336,DROP
6,cam06_fire.mp4,cam06,33,38,5403,cam06_frame_833.jpg,video_pipeline/output/saved_frames/cam06_frame_833.jpg,0.406197,0.290247156862745,1.2941176470588236,1.0,0.1630743442252604,1.056,1.044,0.290247156862745,0.816,-0.0458890165763858,124.78306862745096,435.55317647058814,0.9417740588235296,DROP
6,cam06_fire.mp4,cam06,34,39,5432,cam06_frame_869.jpg,video_pipeline/output/saved_frames/cam06_frame_869.jpg,0.373443,0.289829713592233,1.233009708737864,1.0,0.1630743442252604,1.016,1.06,0.289829713592233,0.824,-0.0506488838438171,124.77719417475728,436.9353786407767,0.8687995825242719,DROP
6,cam06_fire.mp4,cam06,35,40,5508,cam06_frame_961.jpg,video_pipeline/output/saved_frames/cam06_frame_961.jpg,0.367493,0.2856441861702127,1.202127659574468,1.0,0.1623992188888888,0.904,1.008,0.2856441861702127,0.752,-0.0001043817324138,124.74225531914894,442.247670212766,0.7727413404255317,DROP
6,cam06_fire.mp4,cam06,36,41,5508,cam06_frame_961.jpg,video_pipeline/output/saved_frames/cam06_frame_961.jpg,0.367493,0.2866705324675325,1.1948051948051948,1.0,0.1623992188888888,0.736,0.952,0.2866705324675325,0.616,-0.11291928323032,124.66646753246756,450.83720779220783,0.7332155844155845,DROP
6,cam06_fire.mp4,cam06,37,42,5508,cam06_frame_961.jpg,video_pipeline/output/saved_frames/cam06_frame_961.jpg,0.367493,0.2907358389830509,1.2372881355932204,1.0,0.1575128477517361,0.584,0.844,0.2907358389830509,0.472,-0.0306831446153632,124.63306779661016,447.5421355932203,0.6449539152542372,DROP
6,cam06_fire.mp4,cam06,38,43,5508,cam06_frame_961.jpg,video_pipeline/output/saved_frames/cam06_frame_961.jpg,0.367493,0.2926212840909091,1.181818181818182,1.0,0.1524721728515624,0.416,0.736,0.2926212840909091,0.352,-0.0096570642715339,124.5025909090909,449.36393181818187,0.7561035909090909,DROP
6,cam06_fire.mp4,cam06,39,44,5548,cam06_frame_1082.jpg,video_pipeline/output/saved_frames/cam06_frame_1082.jpg,0.448817,0.315985036231884,1.391304347826087,0.96875,0.1514594401215277,0.512,0.764,0.315985036231884,0.368,-0.0327167429431346,124.11026086956524,466.7111086956522,0.7759128913043477,DROP
6,cam06_fire.mp4,cam06,40,45,5548,cam06_frame_1082.jpg,video_pipeline/output/saved_frames/cam06_frame_1082.jpg,0.448817,0.3221010444444444,1.4333333333333331,0.9767441860465116,0.1514594401215277,0.688,0.796,0.3221010444444444,0.48,-0.031984699760522,123.69541666666666,463.76711666666665,0.7307657166666668,DROP
6,cam06_fire.mp4,cam06,41,46,5548,cam06_frame_1082.jpg,video_pipeline/output/saved_frames/cam06_frame_1082.jpg,0.448817,0.3172416767676767,1.393939393939394,0.9782608695652174,0.1514594401215277,0.736,0.736,0.3172416767676767,0.528,-0.0238973900716684,123.65501515151516,460.92231818181824,0.7064963787878787,DROP
6,cam06_fire.mp4,cam06,42,47,5548,cam06_frame_1082.jpg,video_pipeline/output/saved_frames/cam06_frame_1082.jpg,0.448817,0.3172416767676767,1.393939393939394,0.9782608695652174,0.1514594401215277,0.736,0.66,0.3172416767676767,0.528,-0.0238973900716684,123.65501515151516,460.92231818181824,0.7064963787878787,DROP
6,cam06_fire.mp4,cam06,43,48,5548,cam06_frame_1082.jpg,video_pipeline/output/saved_frames/cam06_frame_1082.jpg,0.448817,0.3224499315476191,1.4285714285714286,0.975,0.1514594401215277,0.64,0.528,0.3224499315476191,0.448,-0.015196109837774,123.56010714285716,457.5413214285714,0.6059331964285715,DROP
6,cam06_fire.mp4,cam06,44,49,5576,cam06_frame_1110.jpg,video_pipeline/output/saved_frames/cam06_frame_1110.jpg,0.377227,0.306244129032258,1.2580645161290325,1.0,0.1488019570833333,0.312,0.412,0.306244129032258,0.248,0.0029418688115446,123.30419354838708,444.74212903225816,0.5514315483870967,DROP
6,cam06_fire.mp4,cam06,45,50,5591,cam06_frame_1125.jpg,video_pipeline/output/saved_frames/cam06_frame_1125.jpg,0.299604,0.268648,1.0,1.0,0.1435450887358941,0.048,0.368,0.268648,0.048,0.0067117742145024,123.251,432.4743333333333,0.463803,DROP
6,cam06_fire.mp4,cam06,48,53,5601,cam06_frame_1307.jpg,video_pipeline/output/saved_frames/cam06_frame_1307.jpg,0.296728,0.2766177142857143,1.0,1.0,0.1409768405360243,0.056,0.348,0.2766177142857143,0.056,0.0091221950010666,124.04357142857144,462.3197142857143,1.627935285714286,DROP
6,cam06_fire.mp4,cam06,49,54,5601,cam06_frame_1307.jpg,video_pipeline/output/saved_frames/cam06_frame_1307.jpg,0.296728,0.2766177142857143,1.0,1.0,0.1409768405360243,0.056,0.184,0.2766177142857143,0.056,0.0091221950010666,124.04357142857144,462.3197142857143,1.627935285714286,DROP
6,cam06_fire.mp4,cam06,50,55,5601,cam06_frame_1307.jpg,video_pipeline/output/saved_frames/cam06_frame_1307.jpg,0.296728,0.2766177142857143,1.0,1.0,0.1409768405360243,0.056,0.052,0.2766177142857143,0.056,0.0091221950010666,124.04357142857144,462.3197142857143,1.627935285714286,DROP
6,cam06_fire.mp4,cam06,51,56,5604,cam06_frame_1387.jpg,video_pipeline/output/saved_frames/cam06_frame_1387.jpg,0.557514,0.42789285,1.1,1.0,0.43340986171875,0.176,0.088,0.42789285,0.16,2.095079895095918,136.0037,248.0771,4.4308703000000005,DROP
6,cam06_fire.mp4,cam06,52,57,5630,cam06_frame_1413.jpg,video_pipeline/output/saved_frames/cam06_frame_1413.jpg,0.606463,0.4157766959259258,2.1555555555555554,1.0,0.4335824172645399,0.776,0.388,0.4157766959259258,0.36,2.131384082510805,139.63782222222224,219.53804444444447,2.8048052,DROP
6,cam06_fire.mp4,cam06,53,58,5651,cam06_frame_1434.jpg,video_pipeline/output/saved_frames/cam06_frame_1434.jpg,0.615431,0.4230919018518518,2.6031746031746037,1.0,0.4335824172645399,1.312,0.684,0.4230919018518518,0.504,-0.0685644281340555,143.0875396825397,179.4673492063492,2.673848365079366,DROP
6,cam06_fire.mp4,cam06,54,59,5651,cam06_frame_1434.jpg,video_pipeline/output/saved_frames/cam06_frame_1434.jpg,0.615431,0.4029278975378787,2.8181818181818183,1.0,0.4335824172645399,1.984,1.02,0.4029278975378787,0.704,-0.0403732198290836,143.64332954545455,185.43581818181815,2.4205760340909093,DROP
6,cam06_fire.mp4,cam06,55,60,5651,cam06_frame_1434.jpg,video_pipeline/output/saved_frames/cam06_frame_1434.jpg,0.615431,0.3939474659292035,2.7610619469026547,1.0,0.4335824172645399,2.496,1.276,0.3939474659292035,0.904,-0.2039945206035004,143.96521238938053,176.3118849557522,2.3918859380530977,DROP
6,cam06_fire.mp4,cam06,56,61,5741,cam06_frame_1524.jpg,video_pipeline/output/saved_frames/cam06_frame_1524.jpg,0.802296,0.3788855843450106,4.08,0.6764705882352942,0.4979133562065972,4.08,2.128,0.3788855843450106,1.0,-0.3955261689272908,144.079408,231.48272960000003,3.0520180960000003,SEND_METADATA
6,cam06_fire.mp4,cam06,57,62,5745,cam06_frame_1528.jpg,video_pipeline/output/saved_frames/cam06_frame_1528.jpg,0.814885,0.3895547838325138,6.624,0.3309178743961353,0.4979133562065972,6.624,3.7,0.3895547838325138,0.816,-0.3171408873672132,145.74448,372.4113536,4.938219472,SEND_METADATA
6,cam06_fire.mp4,cam06,58,63,5786,cam06_frame_1569.jpg,video_pipeline/output/saved_frames/cam06_frame_1569.jpg,0.867035,0.4084652591345896,8.512,0.1936090225563909,0.4979133562065972,8.512,4.912,0.4084652591345896,0.616,-0.0180377878322317,143.40508,436.3358815999999,5.787147871999999,SEND_METADATA
6,cam06_fire.mp4,cam06,59,64,5786,cam06_frame_1569.jpg,video_pipeline/output/saved_frames/cam06_frame_1569.jpg,0.867035,0.4122571785155419,9.088,0.1716549295774647,0.8377231391059028,9.088,5.536,0.4122571785155419,0.416,0.5573379399542837,140.68956000000003,456.7015856,6.4329816,SEND_METADATA
6,cam06_fire.mp4,cam06,60,65,5786,cam06_frame_1569.jpg,video_pipeline/output/saved_frames/cam06_frame_1569.jpg,0.867035,0.43334774941078,9.472,0.1782094594594594,0.8377231391059028,9.472,5.984,0.43334774941078,0.432,0.1737352506482185,138.479672,468.7003776000001,6.9597872,SEND_METADATA
6,cam06_fire.mp4,cam06,61,66,5786,cam06_frame_1569.jpg,video_pipeline/output/saved_frames/cam06_frame_1569.jpg,0.867035,0.4545582827610076,8.848,0.2296564195298372,0.8377231391059028,8.848,6.464,0.4545582827610076,0.632,0.2187208261128431,136.651272,419.747664,6.23016752,SEND_METADATA
6,cam06_fire.mp4,cam06,62,67,5786,cam06_frame_1569.jpg,video_pipeline/output/saved_frames/cam06_frame_1569.jpg,0.867035,0.4473374914354091,6.76,0.408284023668639,0.8377231391059028,6.76,6.692,0.4473374914354091,0.832,0.467764413535421,134.16560800000002,287.017312,4.894367759999999,SEND_METADATA
6,cam06_fire.mp4,cam06,63,68,5855,cam06_frame_1638.jpg,video_pipeline/output/saved_frames/cam06_frame_1638.jpg,0.768156,0.4378230721333334,5.128,0.6645865834633385,0.8377231391059028,5.128,6.82,0.4378230721333334,1.0,0.3180680757485372,137.494528,252.789232,4.535688720000001,SEND_METADATA
6,cam06_fire.mp4,cam06,64,69,5855,cam06_frame_1638.jpg,video_pipeline/output/saved_frames/cam06_frame_1638.jpg,0.768156,0.4424194076857143,4.44,0.7621621621621621,0.5956631010416668,4.44,6.764,0.4424194076857143,1.0,-0.0910430444379557,141.93764800000002,252.566552,4.271419280000001,SEND_METADATA
6,cam06_fire.mp4,cam06,65,70,5855,cam06_frame_1638.jpg,video_pipeline/output/saved_frames/cam06_frame_1638.jpg,0.768156,0.4325786348798398,4.205607476635514,0.7777777777777778,0.569851494249132,3.6,6.536,0.4325786348798398,0.856,-0.2868070844025102,145.80616822429906,259.6964112149533,5.195773364485982,SEND_METADATA
6,cam06_fire.mp4,cam06,66,71,5893,cam06_frame_1676.jpg,video_pipeline/output/saved_frames/cam06_frame_1676.jpg,0.71357,0.4160000305651176,3.8313253012048194,0.8238993710691824,0.569851494249132,2.544,5.696,0.4160000305651176,0.664,0.4846135497626694,149.58761445783134,288.77143373493976,6.3892759036144575,SEND_METADATA
6,cam06_fire.mp4,cam06,67,72,5893,cam06_frame_1676.jpg,video_pipeline/output/saved_frames/cam06_frame_1676.jpg,0.71357,0.4110131728813558,3.1864406779661016,0.898936170212766,0.569851494249132,1.504,4.132,0.4110131728813558,0.472,-0.0984873587313897,154.96422033898304,314.76381355932205,8.559631694915254,SEND_METADATA
6,cam06_fire.mp4,cam06,68,73,5920,cam06_frame_1703.jpg,video_pipeline/output/saved_frames/cam06_frame_1703.jpg,0.571952,0.3864951342857142,2.3714285714285714,1.0,0.5278314460351563,0.664,2.896,0.3864951342857142,0.28,-0.456863463656899,160.41505714285714,298.5589714285714,13.109712571428572,DROP
6,cam06_fire.mp4,cam06,69,74,5942,cam06_frame_1725.jpg,video_pipeline/output/saved_frames/cam06_frame_1725.jpg,0.460834,0.3675932666666667,1.3,1.0,0.5051506806315104,0.104,2.272,0.3675932666666667,0.08,-0.4389955603405901,177.24790000000002,291.9777,36.658616,DROP
6,cam06_fire.mp4,cam06,70,75,5949,cam06_frame_1760.jpg,video_pipeline/output/saved_frames/cam06_frame_1760.jpg,0.454983,0.3325715555555555,2.0,1.0,0.4699256678059895,0.048,1.824,0.3325715555555555,0.024,-0.396943402018531,187.40166666666667,532.7800000000001,73.81423333333333,DROP
6,cam06_fire.mp4,cam06,71,76,5950,cam06_frame_1784.jpg,video_pipeline/output/saved_frames/cam06_frame_1784.jpg,0.357937,0.319071,1.5,1.0,0.3461660416666667,0.024,1.284,0.319071,0.016,-0.1813414939061639,191.3085,399.757,74.92099999999999,DROP
6,cam06_fire.mp4,cam06,72,77,5951,cam06_frame_1822.jpg,video_pipeline/output/saved_frames/cam06_frame_1822.jpg,0.333222,0.333222,1.0,1.0,0.28339177453125,0.008,0.756,0.333222,0.008,0.0,194.446,254.024,68.7346,DROP
7,cam07_smoke.mp4,cam07,0,5,6054,cam07_frame_103.jpg,video_pipeline/output/saved_frames/cam07_frame_103.jpg,0.517044,0.3701381620967741,3.403225806451613,1.0,0.7801208478190105,3.376,1.688,0.3701381620967741,0.992,0.0003989476764768,145.5300483870968,234.8154427419355,8.194379516129032,DROP
7,cam07_smoke.mp4,cam07,1,6,6100,cam07_frame_149.jpg,video_pipeline/output/saved_frames/cam07_frame_149.jpg,0.553399,0.3803957582666666,3.064,1.0,0.7801208478190105,3.064,1.888,0.3803957582666666,1.0,0.142677272917579,138.54699999999997,209.1861912,9.13715576,DROP
7,cam07_smoke.mp4,cam07,2,7,6102,cam07_frame_151.jpg,video_pipeline/output/saved_frames/cam07_frame_151.jpg,0.568758,0.3837631104,3.104,1.0,0.7801208478190105,3.104,2.272,0.3837631104,1.0,-0.2934176211481276,133.52159999999998,242.0475912,9.650040512,DROP
7,cam07_smoke.mp4,cam07,3,8,6102,cam07_frame_151.jpg,video_pipeline/output/saved_frames/cam07_frame_151.jpg,0.568758,0.3688857937333333,3.048,1.0,0.7801208478190105,3.048,2.496,0.3688857937333333,1.0,-0.3547794479724801,129.879872,244.99679120000005,8.513902448000001,DROP
7,cam07_smoke.mp4,cam07,4,9,6102,cam07_frame_151.jpg,video_pipeline/output/saved_frames/cam07_frame_151.jpg,0.568758,0.3652341350666667,2.92,1.0,0.7801208478190105,2.92,2.7,0.3652341350666667,1.0,-0.252026988332571,125.748768,251.8641752,7.575617648,DROP
7,cam07_smoke.mp4,cam07,5,10,6102,cam07_frame_151.jpg,video_pipeline/output/saved_frames/cam07_frame_151.jpg,0.568758,0.3724594866666666,2.592,1.0,0.7581489792317707,2.592,2.984,0.3724594866666666,1.0,-0.276400648340505,119.3253344,256.99014400000004,6.234022976,DROP
7,cam07_smoke.mp4,cam07,6,11,6220,cam07_frame_269.jpg,video_pipeline/output/saved_frames/cam07_frame_269.jpg,0.582479,0.3797978506666666,2.576,1.0,0.7581489792317707,2.576,2.82,0.3797978506666666,1.0,-0.3689227179493296,114.08457119999998,265.89203999999995,5.399695032,DROP
7,cam07_smoke.mp4,cam07,7,12,6220,cam07_frame_269.jpg,video_pipeline/output/saved_frames/cam07_frame_269.jpg,0.582479,0.375078026,2.216,1.0,0.5864297427560765,2.216,2.66,0.375078026,1.0,-0.0026087935850465,109.8992264,214.03996,4.955900343999999,DROP
7,cam07_smoke.mp4,cam07,8,13,6260,cam07_frame_309.jpg,video_pipeline/output/saved_frames/cam07_frame_309.jpg,0.595043,0.3850915593333334,2.152,1.0,0.5864297427560765,2.152,2.6,0.3850915593333334,1.0,-0.5742001820249768,105.9244304,203.065028,7.463197880000001,DROP
7,cam07_smoke.mp4,cam07,9,14,6260,cam07_frame_309.jpg,video_pipeline/output/saved_frames/cam07_frame_309.jpg,0.595043,0.3792644782913165,2.0840336134453783,1.0,0.5864297427560765,1.984,2.452,0.3792644782913165,0.952,-0.2425318221438236,105.74749411764708,195.3248697478991,7.956006573109244,DROP
7,cam07_smoke.mp4,cam07,10,15,6260,cam07_frame_309.jpg,video_pipeline/output/saved_frames/cam07_frame_309.jpg,0.595043,0.3592096094632768,1.8983050847457628,1.0,0.5864297427560765,1.792,2.192,0.3592096094632768,0.944,-0.0281858973128994,110.37320338983052,185.73234322033895,8.218715755932202,DROP
7,cam07_smoke.mp4,cam07,11,16,6260,cam07_frame_309.jpg,video_pipeline/output/saved_frames/cam07_frame_309.jpg,0.595043,0.3339608693502825,1.7881355932203389,1.0,0.5864297427560765,1.688,2.132,0.3339608693502825,0.944,-0.0732514848412259,118.24354576271185,178.91103728813556,8.20352894237288,DROP
7,cam07_smoke.mp4,cam07,12,17,6260,cam07_frame_309.jpg,video_pipeline/output/saved_frames/cam07_frame_309.jpg,0.595043,0.3384437507062147,1.6271186440677967,1.0,0.5896971753200956,1.536,1.876,0.3384437507062147,0.944,0.3097553973660428,119.66334661016953,172.10921525423728,7.635703578813558,DROP
7,cam07_smoke.mp4,cam07,13,18,6393,cam07_frame_449.jpg,video_pipeline/output/saved_frames/cam07_frame_449.jpg,0.508875,0.338596565677966,1.7203389830508475,1.0,0.5896971753200956,1.624,1.888,0.338596565677966,0.944,1.4217134050715798,116.6547779661017,184.0489483050848,5.332111962711863,DROP
7,cam07_smoke.mp4,cam07,14,19,6413,cam07_frame_469.jpg,video_pipeline/output/saved_frames/cam07_frame_469.jpg,0.528892,0.3529332399193549,1.7983870967741935,1.0,0.5896971753200956,1.784,1.884,0.3529332399193549,0.992,0.1677831401517528,112.3192241935484,187.78161209677415,5.122673876612904,DROP
7,cam07_smoke.mp4,cam07,15,20,6413,cam07_frame_469.jpg,video_pipeline/output/saved_frames/cam07_frame_469.jpg,0.528892,0.3653521134453781,1.6470588235294117,1.0,0.5896971753200956,1.568,1.68,0.3653521134453781,0.952,-0.0777174327965296,111.27841848739496,170.44006218487397,5.458002779831933,DROP
7,cam07_smoke.mp4,cam07,16,21,6413,cam07_frame_469.jpg,video_pipeline/output/saved_frames/cam07_frame_469.jpg,0.528892,0.3683498211009174,1.6605504587155964,0.9723756906077348,0.5896971753200956,1.448,1.568,0.3683498211009174,0.872,-0.4237827097651048,108.54328256880736,166.97571284403665,6.330847315871559,DROP
7,cam07_smoke.mp4,cam07,17,22,6461,cam07_frame_533.jpg,video_pipeline/output/saved_frames/cam07_frame_533.jpg,0.565004,0.3646380698995195,2.293577981651376,0.856,0.5722577658203124,2.0,1.768,0.3646380698995195,0.872,-0.3472621841293789,107.87326972477064,163.52403577981653,6.598199532097247,DROP
7,cam07_smoke.mp4,cam07,18,23,6481,cam07_frame_553.jpg,video_pipeline/output/saved_frames/cam07_frame_553.jpg,0.601082,0.3659530889689821,2.926605504587156,0.8244514106583072,0.568820126171875,2.552,2.088,0.3659530889689821,0.872,-0.2801585447026182,110.17777064220188,142.92352660550458,7.031645189895412,DROP
7,cam07_smoke.mp4,cam07,19,24,6525,cam07_frame_597.jpg,video_pipeline/output/saved_frames/cam07_frame_597.jpg,0.722104,0.3624942385357506,3.944954128440367,0.7930232558139535,0.568820126171875,3.44,2.612,0.3624942385357506,0.872,-0.1836301711402917,110.96417155963304,130.3266853211009,9.473174306409172,SEND_METADATA
7,cam07_smoke.mp4,cam07,20,25,6536,cam07_frame_608.jpg,video_pipeline/output/saved_frames/cam07_frame_608.jpg,0.790999,0.3701834167736369,4.582608695652174,0.7438330170777988,0.5312425234375,4.216,2.892,0.3701834167736369,0.92,0.1830698617606911,102.7181652173913,122.46694782608698,9.88043631564,SEND_METADATA
7,cam07_smoke.mp4,cam07,21,26,6536,cam07_frame_608.jpg,video_pipeline/output/saved_frames/cam07_frame_608.jpg,0.790999,0.3705702487650793,4.944,0.7233009708737864,0.6360962941015625,4.944,3.196,0.3705702487650793,1.0,1.0394245237810082,94.109748,122.01330880000002,9.0516787733488,SEND_METADATA
7,cam07_smoke.mp4,cam07,22,27,6536,cam07_frame_608.jpg,video_pipeline/output/saved_frames/cam07_frame_608.jpg,0.790999,0.3741534032793651,4.896,0.75,0.6360962941015625,4.896,3.448,0.3741534032793651,1.0,0.1022686407658376,88.4063256,113.3513368,8.539537359999999,SEND_METADATA
7,cam07_smoke.mp4,cam07,23,28,6536,cam07_frame_608.jpg,video_pipeline/output/saved_frames/cam07_frame_608.jpg,0.790999,0.3728311404222221,4.848,0.7194719471947195,0.6360962941015625,4.848,3.7,0.3728311404222221,1.0,0.040644446737277,83.8470992,105.0401808,8.077292080000001,SEND_METADATA
8,cam01_car_fire.mp4,cam01,0,5,6793,cam01_frame_146.jpg,video_pipeline/output/saved_frames/cam01_frame_146.jpg,0.957943,0.5040238553211889,4.711409395973154,0.7008547008547008,0.7282234004318576,4.68,2.34,0.5040238553211889,0.9933333333333332,0.1172372240117181,118.25046375838926,309.1475436241611,15.139261879194631,SEND_FULL
8,cam01_car_fire.mp4,cam01,1,6,6793,cam01_frame_146.jpg,video_pipeline/output/saved_frames/cam01_frame_146.jpg,0.957943,0.5264087398809523,4.3133333333333335,0.6939721792890263,0.7026884390863716,4.3133333333333335,2.55,0.5264087398809523,1.0,-0.4332848912410316,119.29466666666664,309.77675333333326,14.172786266666668,SEND_FULL
8,cam01_car_fire.mp4,cam01,2,7,6849,cam01_frame_202.jpg,video_pipeline/output/saved_frames/cam01_frame_202.jpg,0.975177,0.5430216346746032,4.306666666666667,0.7739938080495357,0.7026884390863716,4.306666666666667,3.083333333333333,0.5430216346746032,1.0,0.1305690911484926,121.70868666666668,327.49914666666666,16.139979333333333,SEND_FULL
8,cam01_car_fire.mp4,cam01,3,8,6849,cam01_frame_202.jpg,video_pipeline/output/saved_frames/cam01_frame_202.jpg,0.975177,0.5434543954665706,4.793333333333333,0.799721835883171,0.7840260652994792,4.793333333333333,3.81,0.5434543954665706,1.0,0.323904555803799,121.04301999999998,359.17137999999994,17.321969866666667,SEND_FULL
8,cam01_car_fire.mp4,cam01,4,9,6849,cam01_frame_202.jpg,video_pipeline/output/saved_frames/cam01_frame_202.jpg,0.975177,0.5645470297284753,5.666666666666667,0.8411764705882353,0.7840260652994792,5.666666666666667,4.63,0.5645470297284753,1.0,1.0397674874463514,119.74268,393.6482133333333,17.4458702,SEND_FULL
9,cam02_fire_test.mp4,cam02,0,5,6965,cam02_frame_24.jpg,video_pipeline/output/saved_frames/cam02_frame_24.jpg,0.822793,0.4454967296207521,5.23489932885906,0.4615384615384615,0.2524985681152344,5.2,2.6,0.4454967296207521,0.9933333333333332,0.0045324465016634,117.58081879194631,713.1713288590605,4.187176778523489,SEND_METADATA
9,cam02_fire_test.mp4,cam02,1,6,6971,cam02_frame_30.jpg,video_pipeline/output/saved_frames/cam02_frame_30.jpg,0.755326,0.4421537246507936,5.226666666666667,0.4732142857142857,0.2573238822569444,5.226666666666667,3.236666666666667,0.4421537246507936,1.0,0.0638500223654183,117.31597999999998,681.33346,3.1330132,SEND_METADATA
9,cam02_fire_test.mp4,cam02,2,7,7123,cam02_frame_182.jpg,video_pipeline/output/saved_frames/cam02_frame_182.jpg,0.802716,0.4360601983809524,5.033333333333333,0.528476821192053,0.2614025070746528,5.033333333333333,3.78,0.4360601983809524,1.0,0.2533002688252492,116.64334666666667,693.82772,2.9834660666666664,SEND_METADATA
9,cam02_fire_test.mp4,cam02,3,8,7123,cam02_frame_182.jpg,video_pipeline/output/saved_frames/cam02_frame_182.jpg,0.802716,0.420167170531746,5.36,0.4987562189054726,0.2670518670909289,5.36,4.37,0.420167170531746,1.0,0.1532571434818632,115.36187333333332,687.9206933333334,3.0141017333333338,SEND_METADATA
9,cam02_fire_test.mp4,cam02,4,9,7123,cam02_frame_182.jpg,video_pipeline/output/saved_frames/cam02_frame_182.jpg,0.802716,0.4126725038571429,5.573333333333333,0.492822966507177,0.2670518670909289,5.573333333333333,4.913333333333333,0.4126725038571429,1.0,-0.0370965809153126,114.40984666666668,670.2735333333334,3.2249414666666665,SEND_METADATA
9,cam02_fire_test.mp4,cam02,5,10,7123,cam02_frame_182.jpg,video_pipeline/output/saved_frames/cam02_frame_182.jpg,0.802716,0.4144307540952381,5.6066666666666665,0.4863258026159334,0.2670518670909289,5.6066666666666665,5.403333333333333,0.4144307540952381,1.0,1.154157194508567,113.77710666666664,661.0141666666667,3.5286872,SEND_METADATA
10,cam03_smoke.mp4,cam03,0,5,7299,cam03_frame_46.jpg,video_pipeline/output/saved_frames/cam03_frame_46.jpg,0.607523,0.3599573174496644,2.577181208053691,1.0,0.7067230310719166,2.5625625625625625,1.2812812812812813,0.3599573174496644,0.9943276609943276,-0.0051607818630825,120.23427516778524,905.2581946308726,8.04708644295302,DROP
10,cam03_smoke.mp4,cam03,1,6,7299,cam03_frame_46.jpg,video_pipeline/output/saved_frames/cam03_frame_46.jpg,0.607523,0.3519210836689038,2.684563758389262,1.0,0.7067230310719166,2.669336002669336,1.5815815815815817,0.3519210836689038,0.9943276609943276,-0.076465843655776,121.74344295302014,936.026120805369,9.463092013422818,DROP
10,cam03_smoke.mp4,cam03,2,7,7318,cam03_frame_65.jpg,video_pipeline/output/saved_frames/cam03_frame_65.jpg,0.529478,0.3500288800894854,2.577181208053691,1.0,0.7067230310719166,2.5625625625625625,1.7217217217217218,0.3500288800894854,0.9943276609943276,-0.1249877448948906,122.34740939597316,958.6014228187915,9.294577785234898,DROP
10,cam03_smoke.mp4,cam03,3,8,7490,cam03_frame_238.jpg,video_pipeline/output/saved_frames/cam03_frame_238.jpg,0.533517,0.35082942147651,2.355704697986577,1.0,0.6938984498438721,2.3423423423423424,1.9552886219552887,0.35082942147651,0.9943276609943276,-0.1928301184220876,123.23873825503355,996.1832080536914,9.861440268456375,DROP
10,cam03_smoke.mp4,cam03,4,9,7515,cam03_frame_263.jpg,video_pipeline/output/saved_frames/cam03_frame_263.jpg,0.557175,0.3659043937360179,2.046979865771812,1.0,0.58531012456089,2.035368702035369,2.158825492158825,0.3659043937360179,0.9943276609943276,0.1558694875924986,124.29775838926176,1023.8465167785234,10.368307046979869,DROP
10,cam03_smoke.mp4,cam03,5,10,7515,cam03_frame_263.jpg,video_pipeline/output/saved_frames/cam03_frame_263.jpg,0.557175,0.3750070167785235,2.302013422818792,1.0,0.6183450854069086,2.2889556222889555,2.4257590924257597,0.3750070167785235,0.9943276609943276,0.0420487679713927,123.03324161073826,1097.7386845637584,11.3976788590604,DROP
10,cam03_smoke.mp4,cam03,6,11,7515,cam03_frame_263.jpg,video_pipeline/output/saved_frames/cam03_frame_263.jpg,0.557175,0.3855926977777777,1.9666666666666663,1.0,0.6342577299326697,1.9686353019686356,2.3189856523189856,0.3855926977777777,1.001001001001001,0.1759294747851634,119.92868,1012.3577866666664,10.474444573333331,DROP
10,cam03_smoke.mp4,cam03,7,12,7515,cam03_frame_263.jpg,video_pipeline/output/saved_frames/cam03_frame_263.jpg,0.557175,0.3805686977777778,1.9933333333333332,1.0,0.6394175993462138,1.9953286619953288,2.278945612278945,0.3805686977777778,1.001001001001001,-0.0090284382535458,117.59392666666666,896.4962600000001,10.187132506666666,DROP
10,cam03_smoke.mp4,cam03,8,13,7515,cam03_frame_263.jpg,video_pipeline/output/saved_frames/cam03_frame_263.jpg,0.557175,0.3794634388888889,1.98,1.0,0.6394175993462138,1.9819819819819824,2.1621621621621623,0.3794634388888889,1.001001001001001,0.0358070320388935,117.57804,872.7354533333333,9.987412573333332,DROP
10,cam03_smoke.mp4,cam03,9,14,7640,cam03_frame_388.jpg,video_pipeline/output/saved_frames/cam03_frame_388.jpg,0.50417,0.3640543911111111,1.96,1.0,0.6746334357874707,1.961961961961962,1.9986653319986651,0.3640543911111111,1.001001001001001,-0.1311941034777181,118.54071333333331,880.8953200000001,10.75151064,DROP
11,cam04_wildfire.mp4,cam04,0,5,7705,cam04_frame_6.jpg,video_pipeline/output/saved_frames/cam04_frame_6.jpg,0.715793,0.4041567471576227,2.891472868217054,0.9785522788203752,0.8305746092664931,2.489155822489156,1.244577911244578,0.4041567471576227,0.8408408408408409,-0.989998637240526,107.63177286821706,280.6986434108527,7.35734341627907,SEND_METADATA
11,cam04_wildfire.mp4,cam04,1,6,7749,cam04_frame_50.jpg,video_pipeline/output/saved_frames/cam04_frame_50.jpg,0.644162,0.3817448589869281,2.343137254901961,0.9581589958158996,0.8305746092664931,1.5949282615949285,1.2512512512512513,0.3817448589869281,0.647313980647314,-0.9892224179760712,106.50489803921567,255.59186274509807,7.388078634313724,DROP
11,cam04_wildfire.mp4,cam04,2,7,7764,cam04_frame_65.jpg,video_pipeline/output/saved_frames/cam04_frame_65.jpg,0.627291,0.3671706747685185,1.7638888888888888,0.952755905511811,0.6535254441796875,0.8475141808475142,1.2512512512512513,0.3671706747685185,0.4471137804471138,-0.9854889132892664,105.6945361111111,225.1107638888889,7.144428718055555,DROP
11,cam04_wildfire.mp4,cam04,3,8,7796,cam04_frame_97.jpg,video_pipeline/output/saved_frames/cam04_frame_97.jpg,0.497315,0.3409476785714285,1.3095238095238095,0.9090909090909092,0.5895051029188367,0.3670337003670337,1.2512512512512513,0.3409476785714285,0.2469135802469136,-0.985047234233664,102.59794285714288,202.82892857142863,7.22565635,DROP
11,cam04_wildfire.mp4,cam04,4,9,7828,cam04_frame_149.jpg,video_pipeline/output/saved_frames/cam04_frame_149.jpg,0.371649,0.2835770833333333,1.0,0.5833333333333334,0.5501569016948785,0.08008008008008,1.2512512512512513,0.2835770833333333,0.0467133800467133,-0.9829826028943416,95.14421666666664,176.50658333333334,8.25143645,DROP
11,cam04_wildfire.mp4,cam04,5,10,7831,cam04_frame_275.jpg,video_pipeline/output/saved_frames/cam04_frame_275.jpg,0.820459,0.4730424660544092,19.703703703703702,0.3383458646616541,0.7210290157552084,3.550216883550217,3.0196863530196865,0.4730424660544092,0.1668335001668335,3.0,100.65521851851852,456.6404814814815,6.14299962962963,SEND_METADATA
11,cam04_wildfire.mp4,cam04,6,11,7885,cam04_frame_329.jpg,video_pipeline/output/saved_frames/cam04_frame_329.jpg,0.860641,0.4979182002346184,22.272727272727277,0.3893877551020408,0.7210290157552084,8.174841508174842,4.884884884884885,0.4979182002346184,0.3670337003670337,0.3250851610096801,101.82750909090907,525.7676727272727,5.4131692727272736,SEND_METADATA
11,cam04_wildfire.mp4,cam04,7,12,7896,cam04_frame_340.jpg,video_pipeline/output/saved_frames/cam04_frame_340.jpg,0.909568,0.5155857312207912,22.126582278481013,0.4078947368421052,0.7210290157552084,11.664998331664998,6.256256256256257,0.5155857312207912,0.5271938605271939,0.2892590285620571,102.24870886075948,534.5676962025317,5.180536139240505,SEND_METADATA
11,cam04_wildfire.mp4,cam04,8,13,7896,cam04_frame_340.jpg,video_pipeline/output/saved_frames/cam04_frame_340.jpg,0.909568,0.5155857312207912,22.126582278481013,0.4078947368421052,0.7210290157552084,11.664998331664998,6.0160160160160165,0.5155857312207912,0.5271938605271939,0.2892590285620571,102.24870886075948,534.5676962025317,5.180536139240505,SEND_METADATA
11,cam04_wildfire.mp4,cam04,9,14,7896,cam04_frame_340.jpg,video_pipeline/output/saved_frames/cam04_frame_340.jpg,0.909568,0.5155857312207912,22.126582278481013,0.4078947368421052,0.7210290157552084,11.664998331664998,5.872539205872539,0.5155857312207912,0.5271938605271939,0.2892590285620571,102.24870886075948,534.5676962025317,5.180536139240505,SEND_METADATA
11,cam04_wildfire.mp4,cam04,10,15,7896,cam04_frame_340.jpg,video_pipeline/output/saved_frames/cam04_frame_340.jpg,0.909568,0.5290330959809898,22.55555555555556,0.4376026272577997,0.7105220725911457,8.128128128128129,5.839172505839173,0.5290330959809898,0.3603603603603604,-0.1046706632636273,102.57666666666668,559.0520740740741,4.815583796296297,SEND_METADATA
11,cam04_wildfire.mp4,cam04,11,16,7896,cam04_frame_340.jpg,video_pipeline/output/saved_frames/cam04_frame_340.jpg,0.909568,0.5560738230641032,21.791666666666668,0.4512428298279158,0.6644489415364583,3.4901568234901568,5.832499165832499,0.5560738230641032,0.1601601601601601,-0.032964174219304,103.21395833333334,554.7344166666667,4.647418541666667,SEND_METADATA
